popularity,duration_ms,danceability,energy,loudness,speechiness,acousticness,instrumentalness,liveness,valence,tempo,track_genre
66,240200,0.417,0.499,-6.364,0.0296,0.212,0.0,0.112,0.144,135.923,world-music
66,342493,0.431,0.485,-8.085,0.0274,0.452,0.0,0.544,0.367,145.22,world-music
70,333386,0.572,0.685,-7.29,0.0356,0.0291,0.0,0.0963,0.232,110.698,world-music
61,456480,0.37,0.119,-11.513,0.0392,0.953,1.97e-06,0.099,0.183,110.424,world-music
64,206440,0.468,0.655,-6.384,0.0296,0.0149,0.0,0.104,0.222,144.045,world-music
63,285160,0.509,0.778,-3.608,0.0295,0.00998,0.0,0.19,0.216,105.066,world-music
57,339493,0.378,0.596,-5.406,0.0323,0.0182,1.14e-05,0.144,0.172,135.968,world-music
56,198704,0.377,0.644,-8.139,0.0404,0.0041,0.0,0.089,0.299,171.908,world-music
64,229760,0.597,0.417,-7.952,0.0502,0.395,8.35e-06,0.128,0.263,143.839,world-music
63,568791,0.379,0.489,-7.051,0.0281,0.293,8.83e-06,0.721,0.0871,140.937,world-music
52,287532,0.375,0.798,-5.495,0.0497,0.00125,0.0,0.117,0.316,161.794,world-music
56,346346,0.269,0.521,-7.402,0.0338,0.023,0.00228,0.205,0.12,154.087,world-music
54,327000,0.292,0.535,-6.892,0.0393,0.0355,0.0,0.0977,0.316,143.949,world-music
66,296400,0.466,0.67,-4.701,0.0297,0.155,0.0,0.145,0.395,126.142,world-music
58,250626,0.391,0.535,-4.516,0.0291,0.00324,0.0,0.205,0.127,145.937,world-music
63,470880,0.452,0.866,-4.431,0.04,0.0041,0.0,0.134,0.291,81.972,world-music
65,279786,0.512,0.814,-5.467,0.0327,0.00419,0.0,0.0991,0.277,97.996,world-music
63,299365,0.438,0.529,-9.224,0.0324,0.0113,0.0,0.109,0.395,136.147,world-music
62,373691,0.412,0.61,-7.988,0.0379,0.177,0.000102,0.0851,0.242,148.005,world-music
67,503240,0.432,0.524,-8.721,0.0321,0.0289,0.0,0.682,0.183,135.956,world-music
49,266000,0.493,0.692,-5.428,0.0265,0.05,0.0,0.113,0.411,83.501,world-music
63,401759,0.427,0.612,-6.812,0.0309,0.0105,0.0,0.574,0.154,142.053,world-music
61,220826,0.373,0.435,-6.685,0.029,0.352,0.0,0.128,0.176,143.868,world-music
64,305426,0.318,0.573,-5.653,0.0324,0.107,0.0,0.0854,0.0765,156.054,world-music
66,293398,0.429,0.587,-4.588,0.0275,0.315,0.0,0.108,0.164,145.003,world-music
50,362706,0.433,0.6,-6.339,0.0293,0.242,8.71e-05,0.103,0.17,143.818,world-music
60,267066,0.471,0.164,-10.879,0.0324,0.833,0.0,0.101,0.17,125.242,world-music
65,256933,0.459,0.561,-7.091,0.0271,0.0839,0.0,0.0998,0.306,144.783,world-music
61,320506,0.419,0.473,-6.804,0.0282,0.34,0.0,0.111,0.184,70.022,world-music
62,329080,0.271,0.669,-6.046,0.0362,0.000292,0.0,0.61,0.21,171.911,world-music
58,318120,0.507,0.28,-10.284,0.0282,0.775,0.000264,0.122,0.233,139.791,world-music
59,320986,0.366,0.812,-4.609,0.034,0.00946,0.0,0.292,0.241,79.962,world-music
60,265133,0.489,0.477,-7.343,0.0299,0.122,0.0,0.1,0.177,136.045,world-music
0,235493,0.238,0.329,-7.081,0.0354,0.935,0.0,0.118,0.193,136.47,world-music
55,348893,0.443,0.819,-6.61,0.0615,0.00338,0.016,0.696,0.0983,116.033,world-music
2,205738,0.675,0.375,-8.985,0.0452,0.542,2.5e-06,0.0951,0.187,134.023,world-music
1,257720,0.349,0.261,-9.478,0.0306,0.748,0.0,0.104,0.103,137.954,world-music
3,230720,0.418,0.876,-5.157,0.0529,0.00187,0.0,0.829,0.341,128.033,world-music
0,321773,0.282,0.478,-6.411,0.0322,0.835,0.186,0.166,0.127,122.705,world-music
0,229106,0.335,0.552,-6.654,0.0357,0.465,1.18e-06,0.102,0.35,126.622,world-music
0,186760,0.339,0.67,-4.587,0.0405,0.511,0.0,0.208,0.494,147.844,world-music
2,205738,0.675,0.375,-8.985,0.0452,0.542,2.5e-06,0.0951,0.187,134.023,world-music
0,212773,0.444,0.33,-15.594,0.262,0.954,1.49e-06,0.676,0.308,95.47,world-music
0,316920,0.424,0.239,-10.601,0.0309,0.658,1.73e-05,0.0951,0.0697,141.88,world-music
0,215373,0.699,0.585,-5.755,0.0297,0.246,0.000329,0.0975,0.757,124.054,world-music
57,343080,0.396,0.5,-7.746,0.032,0.0128,0.0,0.535,0.099,135.857,world-music
0,117226,0.696,0.715,-7.741,0.0314,0.34,0.0,0.18,0.959,130.021,world-music
0,175426,0.581,0.436,-7.936,0.0443,0.232,0.0,0.0547,0.412,120.138,world-music
0,193653,0.413,0.437,-7.983,0.0327,0.042,3.59e-05,0.146,0.102,120.259,world-music
0,217120,0.607,0.884,-4.059,0.0489,0.023,0.0,0.226,0.555,139.988,world-music
55,300026,0.483,0.556,-8.296,0.0323,0.0514,0.163,0.0981,0.231,140.001,world-music
52,354786,0.522,0.309,-12.762,0.031,0.541,0.000778,0.0953,0.0432,119.879,world-music
54,248360,0.538,0.25,-11.732,0.0277,0.572,0.0,0.109,0.1,140.051,world-music
53,275573,0.508,0.981,-3.882,0.0629,0.000154,6.16e-05,0.833,0.381,131.026,world-music
47,240266,0.368,0.681,-6.451,0.0689,0.0645,0.0,0.0666,0.185,125.071,world-music
50,241946,0.318,0.483,-5.944,0.0304,0.496,0.0,0.115,0.0686,145.491,world-music
61,514665,0.411,0.562,-8.152,0.0362,0.0407,0.0,0.222,0.197,140.015,world-music
41,289466,0.449,0.673,-9.785,0.0405,0.127,0.0162,0.108,0.107,125.959,world-music
60,423193,0.367,0.463,-7.638,0.0335,0.121,1.04e-05,0.0983,0.187,139.996,world-music
54,274814,0.181,0.432,-8.922,0.0387,0.545,0.0,0.965,0.159,68.326,world-music
45,343320,0.522,0.689,-4.575,0.0286,0.129,2.41e-06,0.16,0.0763,111.606,world-music
53,427546,0.399,0.438,-7.947,0.0297,0.131,0.0,0.105,0.211,134.863,world-music
56,424386,0.307,0.587,-8.503,0.0343,0.00594,0.0,0.698,0.0981,127.551,world-music
54,487506,0.317,0.666,-5.809,0.0365,0.343,0.0,0.314,0.179,135.784,world-music
52,267773,0.423,0.46,-6.662,0.0313,0.32,0.0,0.0993,0.205,142.108,world-music
52,256133,0.495,0.789,-4.139,0.0348,0.0199,0.0,0.126,0.286,86.019,world-music
52,299685,0.397,0.467,-7.897,0.0286,0.00954,0.0,0.698,0.142,154.953,world-music
60,242107,0.499,0.73,-6.374,0.0355,0.058,0.0,0.146,0.449,142.016,world-music
48,263840,0.405,0.329,-10.064,0.0309,0.682,2.14e-06,0.541,0.168,66.601,world-music
54,224653,0.551,0.984,-2.997,0.0921,0.000841,0.0,0.55,0.299,123.991,world-music
58,230088,0.525,0.581,-6.222,0.028,0.00749,5.46e-05,0.11,0.326,147.708,world-music
58,247386,0.532,0.447,-10.588,0.0265,0.137,0.0,0.0782,0.236,92.001,world-music
62,385053,0.35,0.25,-10.648,0.0314,0.698,1.46e-05,0.11,0.11,129.82,world-music
62,238306,0.417,0.524,-6.6,0.0326,0.048,0.0,0.103,0.152,75.266,world-music
52,265133,0.49,0.478,-7.329,0.0299,0.119,0.0,0.0959,0.188,136.058,world-music
40,427706,0.339,0.618,-6.663,0.0361,0.251,0.0,0.0669,0.244,173.953,world-music
50,409066,0.453,0.802,-6.636,0.0446,0.0893,0.0,0.0799,0.297,146.024,world-music
54,298226,0.614,0.354,-5.187,0.0322,0.903,0.0,0.289,0.374,115.927,world-music
61,224169,0.545,0.805,-5.792,0.0491,0.0326,0.0,0.781,0.727,110.005,world-music
57,230360,0.586,0.791,-4.761,0.0346,0.255,0.0,0.112,0.305,96.033,world-music
59,317266,0.195,0.68,-6.497,0.0376,0.0242,2.11e-06,0.32,0.221,152.29,world-music
54,246786,0.539,0.971,-3.797,0.215,0.0042,0.0,0.648,0.42,128.025,world-music
50,285115,0.619,0.875,-3.421,0.0455,0.00268,6.1e-06,0.16,0.371,127.94,world-music
53,426320,0.478,0.57,-7.875,0.0348,0.0701,0.0,0.815,0.162,119.901,world-music
52,186946,0.26,0.546,-9.546,0.0351,0.241,0.0,0.833,0.248,143.994,world-music
56,230226,0.455,0.662,-6.963,0.0357,0.0125,0.0,0.635,0.169,77.523,world-music
61,244040,0.42,0.823,-4.889,0.0434,0.00985,0.0,0.103,0.517,163.997,world-music
52,264320,0.455,0.587,-8.665,0.0336,0.00134,0.0,0.0942,0.127,126.836,world-music
58,168693,0.667,0.87,-3.321,0.078,0.391,0.0,0.0697,0.695,104.946,world-music
57,409986,0.268,0.697,-5.886,0.0422,0.0212,4.58e-06,0.38,0.112,144.01,world-music
55,333053,0.452,0.318,-7.1,0.0318,0.87,3e-05,0.277,0.201,135.889,world-music
64,234731,0.43,0.708,-7.14,0.0336,0.0561,0.0,0.704,0.243,75.024,world-music
58,267906,0.444,0.778,-3.037,0.0324,0.051,0.0,0.269,0.42,148.044,world-music
57,244333,0.51,0.937,-4.979,0.0821,0.0187,0.0,0.681,0.539,141.975,world-music
54,321933,0.388,0.568,-9.395,0.0338,0.624,1.64e-06,0.715,0.207,107.965,world-music
54,409146,0.391,0.568,-6.698,0.031,0.0477,2.35e-05,0.538,0.129,142.977,world-music
52,228293,0.575,0.947,-4.31,0.18,0.00167,0.0,0.724,0.377,128.027,world-music
54,329221,0.389,0.488,-7.466,0.0301,0.0047,0.0,0.64,0.303,144.339,world-music
48,310492,0.212,0.465,-7.719,0.0345,0.214,0.0,0.102,0.197,198.694,world-music
0,160199,0.412,0.34,-6.243,0.0339,0.407,0.0,0.404,0.412,92.46,world-music
62,491690,0.303,0.478,-7.851,0.0352,0.371,0.0,0.131,0.117,139.795,world-music
53,162894,0.673,0.864,-6.382,0.044,0.0057,4.3e-06,0.971,0.734,131.914,world-music
51,371506,0.491,0.197,-11.346,0.0303,0.93,2.77e-05,0.101,0.167,127.904,world-music
48,599586,0.423,0.714,-6.543,0.0398,0.000417,1.9e-06,0.131,0.0729,104.996,world-music
43,276320,0.252,0.124,-11.132,0.033,0.848,0.0,0.169,0.221,68.615,world-music
51,247013,0.543,0.5,-7.225,0.0266,0.358,2.97e-06,0.173,0.291,74.019,world-music
59,206103,0.389,0.784,-4.389,0.13,0.203,1.13e-05,0.201,0.484,178.093,world-music
60,526890,0.314,0.634,-7.168,0.0344,0.0207,7.52e-05,0.687,0.172,143.992,world-music
53,406346,0.414,0.712,-6.815,0.0379,0.0486,0.0,0.529,0.185,143.957,world-music
46,508800,0.211,0.558,-6.056,0.0343,0.0448,2.75e-05,0.351,0.0871,127.187,world-music
41,256266,0.459,0.404,-8.279,0.0257,0.437,0.0,0.156,0.244,81.849,world-music
50,188291,0.6,0.159,-15.091,0.0334,0.7,2.59e-05,0.106,0.272,131.953,world-music
54,91226,0.523,0.231,-13.844,0.029,0.777,0.0,0.101,0.146,99.938,world-music
55,303306,0.518,0.744,-7.106,0.0351,0.171,7.63e-06,0.109,0.161,98.022,world-music
55,219720,0.468,0.786,-2.757,0.0334,0.0363,0.0,0.31,0.461,84.992,world-music
59,183280,0.468,0.552,-7.329,0.0448,0.326,2.55e-06,0.131,0.135,149.945,world-music
53,249480,0.374,0.668,-5.244,0.0366,0.0645,0.000106,0.0638,0.212,159.899,world-music
53,220000,0.586,0.783,-3.684,0.026,0.0617,0.0,0.129,0.483,95.932,world-music
56,399506,0.445,0.45,-7.607,0.0356,0.803,0.0,0.0555,0.122,136.046,world-music
51,287532,0.375,0.798,-5.495,0.0497,0.00125,0.0,0.117,0.316,161.794,world-music
54,202624,0.41,0.685,-7.875,0.0377,0.0167,0.000336,0.175,0.154,167.971,world-music
49,271986,0.454,0.525,-7.567,0.0284,0.0267,0.0,0.2,0.329,138.932,world-music
50,218747,0.527,0.911,-4.036,0.0388,0.00066,0.00324,0.103,0.305,127.937,world-music
60,298520,0.49,0.805,-4.578,0.0424,0.00289,3.19e-06,0.141,0.166,109.951,world-music
51,409826,0.367,0.363,-7.965,0.0298,0.692,0.0,0.214,0.172,139.598,world-music
44,292493,0.536,0.563,-7.644,0.0285,0.272,0.0,0.0857,0.207,140.004,world-music
37,320013,0.336,0.697,-5.03,0.0339,3.07e-05,0.0,0.0598,0.125,138.122,world-music
54,271920,0.357,0.552,-6.084,0.0289,0.153,0.0,0.112,0.217,145.811,world-music
56,249213,0.417,0.655,-5.798,0.0347,0.0459,0.0,0.11,0.321,147.972,world-music
56,163880,0.458,0.218,-11.597,0.0281,0.762,8.37e-06,0.105,0.244,94.926,world-music
60,276400,0.497,0.542,-7.398,0.0315,0.16,1.4e-05,0.084,0.0707,93.57,world-music
50,320026,0.501,0.756,-6.208,0.0376,0.0123,0.0,0.967,0.293,104.035,world-music
49,307520,0.408,0.519,-8.732,0.0311,0.106,0.0,0.96,0.212,141.883,world-music
38,299186,0.425,0.843,-5.89,0.0307,0.00907,2.72e-06,0.913,0.387,159.975,world-music
47,428567,0.402,0.411,-8.46,0.0303,0.049,0.0,0.106,0.11,140.132,world-music
57,245740,0.539,0.522,-7.315,0.0456,0.207,5.34e-06,0.0768,0.53,162.065,world-music
62,253640,0.408,0.707,-5.4,0.0341,0.189,0.0,0.626,0.333,161.962,world-music
52,406774,0.45,0.782,-6.92,0.046,0.0757,0.0,0.0818,0.244,146.041,world-music
46,272426,0.335,0.571,-8.644,0.0345,0.00492,0.0,0.0656,0.169,101.809,world-music
54,236320,0.461,0.918,-4.884,0.0493,0.00331,0.000842,0.335,0.337,135.081,world-music
60,290413,0.39,0.457,-7.915,0.0327,0.0874,8.9e-06,0.123,0.145,143.977,world-music
47,535720,0.358,0.427,-9.18,0.0296,0.0976,1.07e-05,0.0849,0.0694,145.891,world-music
51,168842,0.667,0.881,-3.366,0.0815,0.35,0.0,0.0742,0.711,104.968,world-music
48,247786,0.595,0.836,-6.622,0.0398,0.00689,4.39e-06,0.34,0.441,116.0,world-music
49,350068,0.349,0.35,-8.086,0.0286,0.117,0.0,0.198,0.0629,158.057,world-music
47,229946,0.486,0.66,-5.08,0.0279,0.0192,3.66e-06,0.0995,0.348,155.919,world-music
52,490000,0.362,0.307,-10.056,0.0293,0.0658,0.0,0.114,0.154,140.055,world-music
50,274680,0.699,0.304,-11.567,0.029,0.764,0.0,0.141,0.457,104.143,world-music
50,406173,0.365,0.458,-8.138,0.0311,0.0576,0.0,0.302,0.114,73.991,world-music
54,262266,0.577,0.732,-4.508,0.0272,0.05,2.39e-06,0.121,0.268,98.068,world-music
46,256379,0.606,0.067,-15.147,0.0322,0.893,0.0,0.1,0.162,103.89,world-music
50,463983,0.473,0.434,-7.08,0.0295,0.0902,0.0,0.097,0.197,143.943,world-music
22,258693,0.529,0.421,-14.15,0.0341,0.847,0.00699,0.118,0.694,82.923,world-music
47,314493,0.375,0.288,-11.709,0.0303,0.754,2.08e-06,0.14,0.171,147.972,world-music
41,283613,0.508,0.817,-4.836,0.0416,0.0256,0.0,0.22,0.336,132.019,world-music
50,426573,0.266,0.327,-7.195,0.0307,0.295,0.0,0.0953,0.0548,139.635,world-music
49,233373,0.567,0.947,-3.733,0.0883,0.000891,6.79e-05,0.869,0.635,131.988,world-music
43,241946,0.318,0.483,-5.944,0.0304,0.496,0.0,0.115,0.0686,145.491,world-music
48,242720,0.486,0.225,-11.663,0.0309,0.626,0.0,0.112,0.0876,140.046,world-music
47,444493,0.254,0.718,-6.915,0.0392,0.00265,0.0,0.141,0.244,147.699,world-music
55,187306,0.536,0.606,-7.297,0.0416,0.0133,0.000319,0.0608,0.301,159.913,world-music
47,230108,0.59,0.798,-4.75,0.0349,0.261,0.0,0.112,0.272,96.02,world-music
49,214520,0.62,0.856,-4.932,0.0754,0.00381,0.0,0.102,0.808,127.982,world-music
41,231400,0.401,0.505,-6.662,0.0386,0.118,0.0,0.122,0.282,77.442,world-music
52,239106,0.512,0.318,-11.047,0.027,0.576,6.23e-06,0.0926,0.154,143.998,world-music
53,244320,0.393,0.481,-9.168,0.0523,0.45,0.0,0.222,0.104,80.086,world-music
49,449384,0.416,0.458,-7.847,0.0288,0.0752,0.0,0.689,0.0548,137.971,world-music
50,348800,0.384,0.493,-8.718,0.0382,0.0164,0.0,0.101,0.0601,143.711,world-music
52,232026,0.454,0.538,-7.838,0.0303,0.0907,0.0,0.11,0.457,164.975,world-music
45,291565,0.454,0.427,-8.049,0.029,0.0205,0.0,0.69,0.184,135.887,world-music
61,309093,0.329,0.682,-6.374,0.0526,0.221,0.0,0.19,0.162,148.029,world-music
47,214720,0.522,0.843,-4.66,0.0356,0.202,0.0,0.0938,0.435,74.941,world-music
39,285160,0.509,0.778,-3.608,0.0295,0.00998,0.0,0.19,0.216,105.066,world-music
51,367462,0.451,0.491,-9.858,0.0398,0.643,0.00131,0.0801,0.288,153.768,world-music
49,487666,0.352,0.433,-9.485,0.0285,0.0601,2.36e-05,0.103,0.0771,148.738,world-music
49,462013,0.339,0.874,-5.794,0.0716,0.00241,0.0,0.366,0.16,151.96,world-music
51,166880,0.643,0.738,-3.708,0.0332,0.528,0.0,0.124,0.369,119.927,world-music
51,437131,0.412,0.633,-8.478,0.0467,0.287,0.0,0.801,0.257,131.846,world-music
58,515387,0.36,0.608,-7.811,0.0309,0.065,0.0,0.43,0.21,144.004,world-music
55,376093,0.318,0.209,-10.664,0.0295,0.934,0.0,0.0946,0.365,90.336,world-music
57,240566,0.502,0.613,-6.419,0.0295,0.0153,0.0,0.301,0.271,89.992,world-music
52,506120,0.234,0.45,-8.999,0.0311,0.366,0.0,0.131,0.178,106.757,world-music
58,209320,0.529,0.558,-5.406,0.0258,0.191,0.0,0.25,0.296,87.987,world-music
56,302093,0.454,0.396,-11.462,0.0242,0.0431,1.83e-05,0.645,0.255,80.784,world-music
58,197046,0.58,0.704,-5.942,0.0282,0.0428,0.0,0.101,0.549,139.896,world-music
55,489453,0.363,0.533,-8.319,0.0314,0.136,0.0,0.358,0.0693,144.005,world-music
50,440247,0.369,0.598,-6.984,0.0304,0.00511,0.0,0.176,0.0466,148.014,world-music
46,350306,0.493,0.524,-9.861,0.0297,0.0849,0.0199,0.0718,0.159,130.066,world-music
51,273245,0.319,0.482,-8.374,0.0421,0.0418,0.0,0.16,0.0747,138.946,world-music
52,171062,0.725,0.474,-12.143,0.0449,0.0983,0.0,0.131,0.649,137.9,world-music
58,196846,0.338,0.643,-7.093,0.0681,0.0102,1.98e-05,0.11,0.15,75.571,world-music
44,291400,0.389,0.393,-9.021,0.0284,0.146,3.62e-06,0.0951,0.127,136.439,world-music
45,378626,0.438,0.514,-8.749,0.0296,0.0545,9.7e-06,0.241,0.201,135.082,world-music
46,288920,0.317,0.459,-7.871,0.0295,0.138,0.0,0.105,0.113,145.045,world-music
51,279506,0.389,0.305,-12.527,0.0252,0.223,0.0,0.12,0.263,74.921,world-music
51,240066,0.482,0.637,-5.857,0.0295,0.177,0.0,0.172,0.411,138.184,world-music
53,283785,0.512,0.362,-6.655,0.0305,0.612,0.0,0.0784,0.282,125.893,world-music
49,316388,0.372,0.501,-5.275,0.0278,0.579,3.8e-06,0.233,0.121,141.562,world-music
53,477880,0.41,0.869,-4.496,0.0472,0.00801,0.0,0.238,0.353,113.971,world-music
48,322373,0.375,0.539,-6.392,0.0293,0.0384,0.0,0.0769,0.235,71.985,world-music
58,200360,0.436,0.802,-5.015,0.0499,0.0539,0.0,0.113,0.202,153.842,world-music
49,336516,0.329,0.609,-7.125,0.0337,0.0237,9.39e-06,0.697,0.173,74.056,world-music
42,243400,0.494,0.452,-5.71,0.026,0.0175,0.0,0.204,0.249,76.969,world-music
58,383447,0.328,0.845,-6.606,0.0407,0.000227,0.0,0.138,0.282,149.773,world-music
58,233946,0.68,0.536,-6.669,0.0582,0.0102,0.00105,0.113,0.417,119.958,world-music
50,173500,0.694,0.564,-8.649,0.174,0.0683,8.88e-06,0.307,0.341,99.999,world-music
50,210013,0.532,0.567,-5.66,0.0253,0.134,0.0,0.242,0.231,88.053,world-music
55,431520,0.27,0.386,-8.193,0.0301,0.269,1.27e-06,0.0995,0.151,131.876,world-music
52,297293,0.553,0.127,-13.067,0.0336,0.953,0.0,0.104,0.178,118.003,world-music
57,296343,0.472,0.351,-8.996,0.0326,0.589,0.0,0.0821,0.0611,144.01,world-music
51,297146,0.436,0.6,-4.4,0.0273,0.291,0.0,0.0996,0.181,145.004,world-music
43,246640,0.493,0.814,-6.366,0.0439,0.00167,1.09e-05,0.398,0.362,158.12,world-music
45,183414,0.491,0.828,-5.368,0.0311,0.0829,0.0,0.222,0.509,75.001,world-music
49,197613,0.298,0.66,-8.187,0.041,0.283,5.24e-06,0.629,0.185,138.902,world-music
51,200880,0.509,0.412,-10.249,0.0271,0.123,0.0,0.37,0.201,155.932,world-music
47,297920,0.487,0.509,-6.935,0.0294,0.15,4.45e-06,0.0857,0.181,77.985,world-music
37,243986,0.449,0.92,-4.87,0.0742,0.000165,0.0,0.804,0.277,125.979,world-music
54,308066,0.453,0.704,-4.62,0.0351,0.226,0.0,0.118,0.271,144.004,world-music
48,232893,0.602,0.965,-3.765,0.0789,0.00359,0.0,0.685,0.461,130.015,world-music
49,157066,0.535,0.72,-5.969,0.0287,0.00221,0.0,0.0966,0.345,98.011,world-music
49,408063,0.437,0.597,-7.266,0.0361,0.297,0.0,0.146,0.204,77.459,world-music
45,277168,0.354,0.223,-10.956,0.0358,0.804,0.0,0.119,0.262,89.445,world-music
48,402052,0.342,0.477,-9.166,0.031,0.00985,0.0,0.136,0.218,148.855,world-music
50,271533,0.346,0.806,-5.828,0.0415,0.0202,0.0,0.0951,0.224,175.891,world-music
59,232379,0.492,0.656,-7.361,0.0365,0.0832,0.0,0.202,0.358,147.948,world-music
57,319739,0.374,0.338,-12.44,0.029,0.737,6.42e-05,0.0649,0.0953,155.965,world-music
43,185217,0.655,0.8,-6.416,0.0332,0.0101,0.0,0.232,0.561,144.019,world-music
45,253206,0.382,0.558,-6.471,0.0324,0.00355,0.0,0.167,0.215,136.575,world-music
46,240946,0.417,0.172,-14.3,0.0321,0.928,2.48e-05,0.205,0.167,131.969,world-music
51,248666,0.389,0.535,-7.077,0.0289,0.00812,0.0,0.0807,0.235,157.894,world-music
46,290133,0.508,0.881,-5.459,0.0486,0.00257,0.0,0.128,0.339,101.989,world-music
45,303959,0.267,0.367,-9.951,0.0323,0.332,0.0,0.0856,0.0925,169.641,world-music
55,173500,0.694,0.566,-8.639,0.17,0.064,7.77e-06,0.308,0.33,100.008,world-music
58,252492,0.321,0.337,-7.668,0.0326,0.773,0.0,0.116,0.234,101.873,world-music
54,241826,0.454,0.7,-6.222,0.0264,0.0649,1.1e-06,0.115,0.0704,130.09,world-music
42,272391,0.43,0.21,-12.989,0.0352,0.884,0.0,0.0677,0.305,151.439,world-music
52,225320,0.551,0.847,-6.909,0.0456,0.0198,0.0,0.132,0.445,111.975,world-music
43,251933,0.444,0.829,-4.997,0.0455,0.00244,0.0,0.0695,0.337,156.146,world-music
62,189933,0.333,0.254,-9.369,0.0549,0.825,0.0,0.0795,0.272,189.168,world-music
46,250346,0.413,0.836,-4.867,0.0433,0.00202,0.0,0.0842,0.303,143.962,world-music
46,230026,0.486,0.238,-8.182,0.0301,0.894,0.0,0.093,0.336,80.157,world-music
42,266586,0.471,0.626,-5.686,0.0279,0.139,0.0,0.0753,0.305,152.008,world-music
44,250800,0.387,0.715,-4.246,0.044,0.0098,0.0,0.0908,0.306,150.079,world-music
56,208800,0.494,0.72,-5.093,0.0568,0.398,0.0,0.341,0.553,152.049,world-music
53,237453,0.415,0.398,-7.204,0.0268,0.314,0.0,0.106,0.13,143.582,world-music
47,319000,0.428,0.757,-5.797,0.0342,0.00264,0.0,0.166,0.184,93.983,world-music
49,293720,0.329,0.511,-7.687,0.0287,0.0755,0.0297,0.146,0.167,166.028,world-music
54,291986,0.563,0.467,-6.087,0.0241,0.0229,0.0,0.0945,0.241,77.982,world-music
51,452520,0.307,0.394,-8.716,0.0338,0.0611,8.04e-06,0.254,0.159,134.967,world-music
58,302780,0.55,0.681,-4.759,0.0334,0.136,0.0,0.216,0.174,89.989,world-music
44,204866,0.477,0.67,-6.741,0.0322,0.0453,0.0,0.117,0.451,154.991,world-music
37,285586,0.321,0.123,-14.226,0.0354,0.918,8.49e-06,0.0934,0.192,146.611,world-music
52,599746,0.252,0.462,-9.05,0.0334,0.0135,0.0,0.104,0.0604,110.243,world-music
44,473653,0.253,0.395,-9.633,0.0306,0.313,0.0,0.316,0.0999,145.963,world-music
48,230880,0.59,0.923,-6.576,0.117,0.0236,0.0,0.0669,0.496,126.032,world-music
55,293377,0.517,0.155,-13.335,0.032,0.877,0.0,0.103,0.223,135.203,world-music
44,232040,0.647,0.681,-5.387,0.028,0.0346,2.06e-06,0.283,0.761,101.982,world-music
51,375813,0.326,0.161,-12.798,0.0366,0.956,7.26e-06,0.086,0.177,131.952,world-music
55,206103,0.389,0.786,-4.392,0.138,0.216,8.23e-06,0.198,0.482,178.103,world-music
45,276773,0.374,0.291,-11.251,0.0305,0.723,0.000882,0.12,0.108,133.009,world-music
53,361386,0.276,0.263,-7.859,0.0372,0.609,0.0,0.0802,0.0997,124.404,world-music
55,280797,0.312,0.523,-8.137,0.0372,0.159,7.72e-05,0.0931,0.181,89.976,world-music
48,200026,0.361,0.0755,-19.055,0.0363,0.759,0.0,0.126,0.102,122.596,world-music
53,280762,0.455,0.734,-7.422,0.0315,0.00555,0.0,0.243,0.267,90.019,world-music
41,254173,0.407,0.53,-7.091,0.0324,0.0686,0.0,0.0568,0.219,143.955,world-music
55,303053,0.398,0.208,-10.525,0.0394,0.953,6.26e-06,0.108,0.132,129.682,world-music
57,248733,0.509,0.75,-5.884,0.0397,0.00208,0.0,0.182,0.131,120.001,world-music
45,288293,0.326,0.498,-6.188,0.0325,0.00661,0.0,0.128,0.14,150.026,world-music
55,196846,0.517,0.639,-7.105,0.0547,0.01,2.59e-05,0.11,0.152,75.032,world-music
54,315253,0.16,0.563,-7.771,0.0492,0.0381,0.00297,0.147,0.0859,139.623,world-music
43,261992,0.502,0.9,-6.692,0.0489,0.000177,8.79e-06,0.451,0.339,128.002,world-music
56,208520,0.529,0.769,-6.369,0.0469,0.00532,0.0,0.19,0.66,73.946,world-music
49,292200,0.424,0.608,-4.414,0.0275,0.261,0.0,0.102,0.193,145.031,world-music
48,215699,0.564,0.899,-6.523,0.106,0.00688,0.0,0.711,0.376,128.058,world-music
47,321186,0.402,0.501,-6.718,0.0265,0.581,6e-06,0.197,0.131,141.895,world-music
48,357213,0.37,0.817,-5.276,0.0419,0.0703,0.0,0.937,0.191,159.981,world-music
58,506796,0.26,0.622,-6.619,0.0417,0.128,0.0,0.644,0.231,139.002,world-music
45,314480,0.427,0.849,-7.014,0.0484,0.00214,0.0,0.441,0.272,150.028,world-music
45,541213,0.446,0.467,-6.684,0.0306,0.00572,0.0,0.111,0.184,130.08,world-music
39,296466,0.374,0.716,-6.065,0.0404,0.0179,0.0,0.0877,0.152,155.954,world-music
46,272093,0.464,0.694,-6.593,0.0362,0.00426,0.0,0.686,0.288,139.916,world-music
57,215933,0.587,0.739,-5.762,0.0365,0.0539,2.08e-06,0.049,0.549,100.005,world-music
46,319852,0.47,0.538,-7.742,0.0336,0.0547,0.0,0.174,0.0697,148.009,world-music
44,310760,0.522,0.199,-13.736,0.0301,0.812,0.0,0.107,0.107,140.033,world-music
55,382573,0.185,0.717,-5.735,0.0455,0.0496,0.0,0.546,0.1,73.6,world-music
49,312133,0.469,0.27,-10.886,0.0283,0.827,0.0,0.687,0.278,142.029,world-music
43,397320,0.308,0.351,-8.806,0.0278,0.0419,1.89e-05,0.314,0.125,144.108,world-music
55,217866,0.552,0.883,-4.912,0.0409,0.00601,0.0,0.102,0.737,142.015,world-music
49,238786,0.38,0.799,-4.128,0.0299,0.0818,0.0,0.108,0.407,179.848,world-music
44,277272,0.377,0.412,-7.579,0.0255,0.222,0.0,0.118,0.261,76.009,world-music
32,344963,0.386,0.115,-17.686,0.0314,0.985,0.888,0.149,0.12,103.936,world-music
43,250313,0.512,0.87,-6.745,0.0626,0.000829,0.0,0.945,0.309,115.942,world-music
44,522126,0.321,0.41,-9.671,0.0294,0.0397,2.7e-06,0.0917,0.0692,146.124,world-music
56,221333,0.461,0.802,-4.448,0.0325,0.112,0.0,0.116,0.342,144.518,world-music
54,266946,0.515,0.648,-6.035,0.0358,0.00826,0.0,0.0968,0.357,134.937,world-music
34,265373,0.487,0.895,-5.061,0.0413,0.000183,0.0,0.359,0.384,105.021,world-music
47,451946,0.285,0.438,-10.007,0.0316,0.0563,0.000239,0.987,0.155,141.822,world-music
47,287434,0.534,0.763,-6.348,0.0304,0.00285,0.0,0.0655,0.634,109.971,world-music
46,273183,0.559,0.413,-9.166,0.029,0.134,0.0,0.0967,0.385,125.976,world-music
54,339480,0.368,0.531,-6.553,0.0317,0.0298,0.0,0.639,0.166,133.962,world-music
47,227026,0.204,0.551,-7.447,0.0331,0.046,0.0,0.161,0.142,153.285,world-music
50,247294,0.405,0.532,-7.063,0.0289,0.00788,0.0,0.0792,0.27,157.95,world-music
52,173500,0.695,0.568,-8.636,0.17,0.0684,6.92e-06,0.307,0.342,99.997,world-music
54,322326,0.394,0.56,-6.925,0.0281,0.00162,0.000582,0.107,0.107,138.057,world-music
51,251303,0.373,0.0851,-10.6,0.0312,0.92,0.0,0.108,0.28,75.232,world-music
49,230093,0.453,0.729,-4.767,0.0462,0.00775,0.0,0.12,0.413,144.031,world-music
52,261360,0.479,0.614,-9.055,0.0364,0.0995,0.0,0.104,0.154,90.997,world-music
48,227573,0.506,0.89,-5.862,0.0434,0.00263,0.0,0.98,0.457,139.96,world-music
51,323946,0.475,0.385,-9.966,0.028,0.386,0.00348,0.0968,0.0845,99.997,world-music
45,373271,0.508,0.51,-7.485,0.0281,0.144,0.0,0.68,0.0905,113.046,world-music
40,264160,0.44,0.566,-7.451,0.033,0.214,0.0,0.0657,0.338,146.97,world-music
51,233720,0.498,0.89,-4.607,0.0486,0.00078,0.0,0.0924,0.392,100.956,world-music
53,213730,0.194,0.324,-12.412,0.0338,0.902,0.196,0.109,0.157,169.758,world-music
45,348485,0.304,0.674,-6.012,0.039,0.0506,0.000218,0.548,0.163,148.039,world-music
53,225187,0.509,0.871,-5.855,0.0519,0.00837,0.0,0.124,0.351,80.008,world-music
46,377626,0.498,0.103,-13.925,0.0317,0.879,0.0,0.106,0.108,134.852,world-music
44,269546,0.349,0.242,-9.713,0.028,0.763,1.12e-06,0.218,0.0749,134.114,world-music
48,422135,0.45,0.434,-9.544,0.0295,0.148,0.0,0.0697,0.143,139.93,world-music
39,373186,0.34,0.842,-4.558,0.0523,0.00714,0.0,0.157,0.163,151.937,world-music
45,299786,0.436,0.408,-7.913,0.0282,0.236,0.0,0.107,0.281,135.832,world-music
42,257240,0.317,0.27,-9.204,0.0298,0.796,7.77e-06,0.186,0.197,137.401,world-music
53,213653,0.656,0.561,-5.626,0.0495,0.276,0.0,0.143,0.469,143.962,world-music
47,306013,0.459,0.712,-4.721,0.0337,0.148,0.0,0.0895,0.349,151.945,world-music
45,227220,0.433,0.92,-5.111,0.103,0.01,0.0,0.479,0.193,127.882,world-music
48,157337,0.405,0.134,-11.84,0.0292,0.954,0.000203,0.0681,0.28,80.007,world-music
41,234728,0.552,0.85,-4.086,0.0297,0.00234,5.18e-05,0.227,0.307,106.887,world-music
45,533160,0.394,0.639,-6.847,0.0307,0.38,0.000181,0.206,0.12,137.034,world-music
47,443400,0.417,0.395,-9.227,0.029,0.78,0.0179,0.252,0.0811,137.78,world-music
31,62563,0.136,0.863,-28.098,0.0699,0.545,0.923,0.504,0.00766,142.748,world-music
44,293733,0.448,0.895,-4.265,0.0886,0.00413,0.0,0.0752,0.205,130.078,world-music
52,245738,0.44,0.778,-5.161,0.0472,0.0167,0.0,0.097,0.231,160.054,world-music
54,326613,0.408,0.544,-8.28,0.0305,0.0307,0.0,0.958,0.0907,74.994,world-music
40,239973,0.599,0.647,-5.846,0.0257,0.395,0.0,0.129,0.52,141.93,world-music
46,335973,0.365,0.51,-8.067,0.0276,0.229,1.73e-06,0.554,0.13,139.854,world-music
31,199266,0.712,0.368,-8.972,0.0312,0.848,5.38e-06,0.149,0.411,120.051,world-music
51,223000,0.495,0.911,-3.764,0.0454,0.246,0.0,0.138,0.615,164.047,world-music
46,280960,0.37,0.249,-10.077,0.0312,0.415,2.72e-06,0.0726,0.151,135.934,world-music
49,258440,0.466,0.575,-8.053,0.0306,0.094,0.000116,0.0892,0.255,141.954,world-music
41,260519,0.524,0.697,-4.683,0.0303,0.121,0.0,0.102,0.24,95.95,world-music
54,372150,0.276,0.54,-7.566,0.0352,0.00823,0.0,0.929,0.0965,159.749,world-music
30,172148,0.138,0.00738,-33.578,0.0593,0.988,0.699,0.101,0.163,143.868,world-music
47,254800,0.46,0.326,-11.081,0.026,0.627,1.41e-05,0.704,0.265,72.053,world-music
56,288640,0.21,0.58,-8.751,0.0359,0.0339,0.000105,0.13,0.118,143.753,world-music
44,402973,0.262,0.516,-7.225,0.0376,0.394,0.0,0.107,0.177,135.789,world-music
48,278013,0.433,0.542,-5.589,0.0264,0.157,6.56e-05,0.12,0.158,83.938,world-music
34,265373,0.487,0.895,-5.061,0.0413,0.000183,0.0,0.359,0.384,105.021,world-music
42,280160,0.34,0.81,-5.567,0.0365,0.0165,6.92e-06,0.21,0.104,157.972,world-music
50,452013,0.437,0.735,-6.606,0.0301,0.00206,2.15e-05,0.701,0.145,98.923,world-music
43,277306,0.219,0.771,-5.047,0.0544,0.115,0.0,0.113,0.272,157.76,world-music
43,248241,0.575,0.871,-4.408,0.0332,0.00312,0.0,0.364,0.517,119.987,world-music
46,207413,0.67,0.822,-6.227,0.0379,0.00201,1.15e-06,0.0915,0.348,124.09,world-music
53,184103,0.492,0.429,-8.126,0.0392,0.0368,0.000164,0.0887,0.0981,159.746,world-music
48,205738,0.675,0.375,-8.985,0.045,0.542,2.5e-06,0.0952,0.187,134.027,world-music
52,459466,0.323,0.467,-7.282,0.0334,0.221,0.0,0.115,0.0626,139.506,world-music
49,217373,0.577,0.224,-11.479,0.035,0.867,0.0,0.112,0.53,153.758,world-music
44,280477,0.363,0.638,-6.088,0.0303,0.0142,0.0,0.722,0.136,170.088,world-music
44,316548,0.552,0.71,-8.619,0.0298,0.00215,2.73e-06,0.182,0.445,115.975,world-music
30,476420,0.401,0.668,-8.731,0.0404,0.0224,0.0,0.122,0.277,75.995,world-music
55,227013,0.64,0.469,-8.718,0.0412,0.00758,0.000453,0.0711,0.305,90.001,world-music
47,318160,0.557,0.41,-10.323,0.0264,0.0918,0.0,0.165,0.0945,97.023,world-music
53,248854,0.411,0.706,-7.321,0.0372,0.0126,0.0,0.149,0.274,144.049,world-music
45,202240,0.515,0.841,-3.753,0.0382,0.266,0.0,0.259,0.82,156.061,world-music
42,356285,0.52,0.344,-10.132,0.0243,0.0173,0.00467,0.0856,0.0825,77.968,world-music
43,218266,0.364,0.864,-5.742,0.0704,0.0305,0.0,0.979,0.394,104.992,world-music
54,366160,0.422,0.672,-6.629,0.0333,0.0163,0.00203,0.108,0.342,137.933,world-music
41,394626,0.441,0.423,-9.573,0.0291,0.179,0.0,0.0639,0.103,73.9,world-music
49,304853,0.442,0.458,-7.875,0.0259,0.0979,0.0,0.187,0.139,153.991,world-music
44,273866,0.383,0.351,-9.385,0.0298,0.594,1.18e-06,0.942,0.192,135.582,world-music
48,252149,0.561,0.925,-5.77,0.0566,0.000184,0.0119,0.606,0.614,126.019,world-music
54,305768,0.414,0.25,-11.802,0.029,0.776,0.0,0.0886,0.25,148.402,world-music
43,428567,0.402,0.411,-8.46,0.0303,0.049,0.0,0.106,0.11,140.132,world-music
49,412227,0.414,0.679,-7.806,0.0427,0.0184,0.0,0.0895,0.183,138.149,world-music
1,206165,0.219,0.281,-9.79,0.0322,0.796,0.0,0.0773,0.301,183.446,world-music
1,181143,0.226,0.279,-8.73,0.0299,0.738,0.0,0.141,0.354,183.6,world-music
29,120000,0.254,0.00147,-27.251,0.0533,0.996,0.999,0.119,0.0251,35.79,world-music
1,250859,0.226,0.388,-8.44,0.0314,0.535,0.0,0.103,0.158,114.126,world-music
44,274386,0.286,0.498,-7.77,0.0296,0.0751,0.0,0.106,0.227,142.516,world-music
45,279933,0.275,0.538,-7.42,0.0372,0.029,0.0,0.673,0.101,145.685,world-music
47,246573,0.376,0.733,-3.825,0.0311,7.17e-06,0.0,0.075,0.264,144.059,world-music
40,302093,0.454,0.396,-11.462,0.0242,0.0431,1.83e-05,0.645,0.255,80.784,world-music
43,343893,0.172,0.599,-7.63,0.0332,0.188,0.00019,0.339,0.0687,83.016,world-music
1,231873,0.392,0.285,-11.236,0.0309,0.694,0.0,0.11,0.212,70.792,world-music
30,405306,0.459,0.76,-7.419,0.0414,0.00603,1.78e-05,0.0669,0.0587,146.064,world-music
41,289480,0.405,0.581,-5.499,0.031,0.232,0.0,0.332,0.18,77.217,world-music
47,308066,0.453,0.704,-4.62,0.0351,0.226,0.0,0.118,0.271,144.004,world-music
43,215399,0.532,0.726,-4.474,0.0296,0.0199,3.1e-06,0.099,0.404,89.971,world-music
39,213013,0.572,0.786,-3.628,0.0442,0.0166,0.0,0.0378,0.381,87.991,world-music
48,303653,0.507,0.848,-5.571,0.0304,0.00402,5.54e-06,0.101,0.343,105.019,world-music
40,219560,0.468,0.157,-11.996,0.031,0.837,0.0,0.191,0.356,135.415,world-music
38,247800,0.258,0.677,-5.258,0.0366,0.00836,0.0,0.0904,0.144,111.874,world-music
29,1457998,0.144,0.0389,-27.084,0.0463,0.985,0.688,0.096,0.0334,77.219,world-music
52,400897,0.448,0.795,-7.069,0.0585,0.0013,4.52e-06,0.197,0.133,150.017,world-music
46,304813,0.386,0.67,-6.817,0.0387,0.087,0.0,0.107,0.214,143.842,world-music
46,520053,0.241,0.912,-5.751,0.0765,0.000655,0.00207,0.717,0.149,143.989,world-music
45,196021,0.42,0.257,-11.963,0.029,0.775,2.62e-06,0.106,0.121,92.228,world-music
44,368506,0.35,0.537,-8.012,0.0311,0.00744,0.0,0.831,0.123,137.92,world-music
56,234560,0.156,0.739,-6.062,0.0436,0.0462,0.0,0.158,0.186,73.354,world-music
30,394466,0.36,0.558,-6.479,0.0339,0.0735,1.51e-05,0.138,0.0931,139.676,world-music
47,340826,0.455,0.715,-5.614,0.0259,0.0998,4.78e-06,0.897,0.342,76.494,world-music
55,257959,0.456,0.508,-14.339,0.0402,0.0218,0.0,0.237,0.553,133.965,world-music
43,238493,0.437,0.357,-12.497,0.0281,0.49,0.00633,0.0937,0.132,127.949,world-music
49,630228,0.388,0.554,-8.562,0.0318,0.0131,0.00768,0.0794,0.14,135.078,world-music
48,261519,0.487,0.15,-10.057,0.0402,0.912,0.0,0.11,0.222,117.995,world-music
55,510726,0.274,0.573,-7.881,0.0391,0.0604,1.2e-06,0.537,0.223,126.319,world-music
38,344200,0.47,0.693,-5.803,0.0443,0.153,0.0,0.115,0.115,129.139,world-music
34,249160,0.441,0.745,-4.279,0.0315,0.0105,0.0,0.199,0.298,76.994,world-music
38,283066,0.546,0.708,-6.406,0.0335,0.0288,0.0,0.133,0.371,121.994,world-music
44,405173,0.218,0.573,-6.748,0.0346,0.0102,0.0,0.159,0.125,138.447,world-music
52,238546,0.442,0.532,-6.085,0.0352,0.0191,0.0,0.104,0.243,147.735,world-music
50,277173,0.546,0.9,-5.571,0.0408,0.000459,4.33e-06,0.318,0.279,118.008,world-music
40,270560,0.303,0.685,-6.018,0.0409,0.0834,0.0,0.14,0.248,155.862,world-music
52,391053,0.541,0.841,-5.29,0.0421,0.000179,0.0,0.938,0.277,124.005,world-music
53,197320,0.396,0.671,-6.953,0.0351,0.0984,0.0,0.0844,0.257,156.072,world-music
40,364053,0.358,0.741,-6.633,0.0613,0.000167,1.45e-06,0.555,0.0752,121.133,world-music
56,265377,0.261,0.179,-10.423,0.0368,0.848,0.0,0.113,0.229,77.473,world-music
26,293720,0.329,0.518,-7.715,0.0286,0.0749,0.0278,0.149,0.187,166.115,world-music
29,366893,0.501,0.641,-7.683,0.0265,0.00111,1.26e-06,0.0686,0.281,142.062,world-music
49,256782,0.363,0.525,-6.234,0.0385,0.0844,0.0,0.0777,0.164,143.918,world-music
41,275491,0.464,0.549,-6.19,0.0322,0.466,0.0,0.0616,0.0505,142.029,world-music
38,227600,0.714,0.743,-3.494,0.0464,0.00168,2.81e-05,0.064,0.683,131.997,world-music
42,349000,0.399,0.461,-9.841,0.0283,0.0449,1.41e-05,0.352,0.208,143.997,world-music
49,471213,0.449,0.684,-5.195,0.0362,0.0377,0.0,0.717,0.156,100.029,world-music
50,455362,0.49,0.565,-10.45,0.0327,0.0743,6.88e-06,0.119,0.271,142.047,world-music
43,313133,0.319,0.72,-7.452,0.042,0.000372,0.0,0.453,0.36,136.816,world-music
46,293106,0.401,0.683,-5.722,0.0401,0.181,0.0,0.0837,0.226,135.951,world-music
53,218106,0.616,0.641,-6.696,0.0354,0.0104,0.0,0.0813,0.134,107.979,world-music
41,376866,0.389,0.744,-6.983,0.0359,0.0782,1.23e-05,0.174,0.114,152.791,world-music
48,202383,0.518,0.391,-11.55,0.098,0.0711,9.51e-05,0.0845,0.253,147.989,world-music
27,128000,0.0,0.188,-25.837,0.0,0.139,0.339,0.122,0.0,0.0,world-music
43,217893,0.58,0.654,-4.0,0.0262,0.0517,0.0,0.147,0.526,93.979,world-music
46,400800,0.323,0.34,-11.013,0.0308,0.477,6.67e-05,0.622,0.0983,135.842,world-music
28,264906,0.553,0.604,-6.67,0.0366,0.0341,0.0,0.106,0.114,108.055,world-music
28,97581,0.161,0.897,-22.398,0.0804,0.00163,0.92,0.863,0.0247,110.367,world-music
45,243200,0.595,0.928,-3.539,0.0679,0.000354,0.0,0.955,0.569,124.018,world-music
44,290633,0.538,0.797,-6.794,0.0568,0.014,0.0,0.0966,0.21,137.036,world-music
47,252920,0.276,0.228,-11.879,0.0291,0.876,0.0,0.0763,0.156,64.91,world-music
44,213879,0.569,0.914,-5.596,0.0606,0.00311,0.0,0.821,0.473,114.0,world-music
28,162565,0.17,0.0401,-31.853,0.0508,0.918,0.884,0.0889,0.0356,124.52,world-music
44,243053,0.56,0.598,-6.016,0.0259,0.104,0.0,0.347,0.353,110.029,world-music
47,311122,0.245,0.326,-8.735,0.0324,0.654,3.53e-06,0.121,0.163,122.006,world-music
42,276746,0.527,0.929,-3.473,0.0451,0.0164,0.0,0.1,0.543,119.985,world-music
45,331082,0.308,0.435,-8.738,0.0311,0.0896,0.0,0.112,0.0794,135.842,world-music
44,326960,0.554,0.705,-5.939,0.0404,0.0174,2.21e-05,0.121,0.133,118.008,world-music
44,252533,0.467,0.708,-4.149,0.0269,0.000992,0.0,0.238,0.422,83.954,world-music
52,456000,0.44,0.702,-6.759,0.0325,0.0197,3.79e-05,0.109,0.295,143.99,world-music
52,287611,0.255,0.674,-7.147,0.0474,0.166,0.0,0.624,0.184,136.101,world-music
28,314000,0.41,0.107,-17.474,0.0328,0.974,0.774,0.078,0.0712,64.018,world-music
43,290933,0.471,0.688,-6.55,0.0322,0.085,0.0,0.351,0.503,77.13,world-music
29,239093,0.62,0.9,-4.158,0.0365,0.00332,0.0,0.0118,0.706,129.999,world-music
52,234826,0.529,0.791,-6.234,0.0629,0.00161,1.68e-06,0.336,0.561,86.023,world-music
41,318226,0.44,0.696,-7.034,0.0329,0.0149,6.85e-06,0.137,0.168,79.967,world-music
44,254946,0.531,0.673,-4.753,0.0325,0.000362,0.0,0.462,0.261,130.997,world-music
35,184560,0.463,0.961,-3.173,0.111,0.00412,0.0088,0.431,0.535,134.005,world-music
45,298546,0.448,0.399,-8.303,0.0313,0.579,0.0,0.0762,0.12,73.959,world-music
57,75969,0.337,0.28,-18.646,0.0384,0.987,0.882,0.0851,0.0824,140.004,world-music
43,448573,0.432,0.509,-5.716,0.0298,0.0862,1.13e-06,0.721,0.242,139.954,world-music
54,633462,0.355,0.734,-8.221,0.0509,0.00177,0.0,0.0965,0.237,143.964,world-music
50,222186,0.518,0.797,-6.116,0.0418,0.000906,0.0,0.105,0.607,157.913,world-music
49,273960,0.391,0.246,-9.214,0.0271,0.85,0.0,0.0893,0.118,71.616,world-music
50,269786,0.408,0.75,-7.278,0.0352,0.00249,3.66e-05,0.086,0.258,160.141,world-music
44,251106,0.389,0.719,-4.264,0.0431,0.00875,0.0,0.0886,0.316,150.011,world-music
43,251546,0.434,0.614,-6.35,0.0432,0.0411,0.0,0.197,0.196,141.99,world-music
37,235880,0.261,0.265,-9.515,0.0327,0.726,0.0,0.673,0.134,84.344,world-music
43,296706,0.486,0.385,-7.338,0.0261,0.32,0.0,0.109,0.222,78.03,world-music
48,293802,0.356,0.428,-9.459,0.0321,0.703,0.0,0.211,0.104,143.658,world-music
55,468274,0.388,0.566,-8.316,0.0332,0.269,1.2e-06,0.0938,0.17,144.914,world-music
41,322906,0.27,0.264,-10.597,0.033,0.224,6.1e-06,0.109,0.162,73.016,world-music
27,110000,0.321,0.0731,-40.264,0.0616,0.987,0.973,0.108,0.0313,149.98,world-music
41,206741,0.502,0.772,-6.814,0.0315,0.0446,0.0,0.714,0.528,75.024,world-music
49,239628,0.425,0.728,-4.492,0.0286,0.00468,2.62e-06,0.172,0.164,147.986,world-music
40,242626,0.498,0.927,-5.156,0.088,0.000186,0.0,0.673,0.486,145.052,world-music
46,445149,0.269,0.611,-8.364,0.0401,0.0342,0.000108,0.227,0.138,152.21,world-music
48,350480,0.322,0.666,-5.527,0.0466,0.302,0.0,0.0643,0.156,175.603,world-music
40,193875,0.48,0.853,-5.573,0.0372,0.00456,0.0,0.98,0.488,144.063,world-music
45,296672,0.236,0.503,-6.555,0.0307,0.0925,0.0,0.269,0.0688,172.203,world-music
27,87771,0.201,0.922,-32.796,0.0539,0.143,0.995,0.895,0.00398,111.492,world-music
44,390200,0.345,0.721,-6.416,0.039,0.0671,0.000437,0.126,0.16,145.962,world-music
47,182106,0.212,0.32,-10.837,0.0369,0.745,0.0,0.126,0.267,197.477,world-music
41,401960,0.435,0.956,-3.941,0.0564,0.000541,0.0,0.636,0.307,131.998,world-music
52,204800,0.422,0.336,-7.199,0.0306,0.199,0.0,0.189,0.11,108.009,world-music
49,294386,0.46,0.509,-6.997,0.0303,0.289,0.000143,0.351,0.297,115.89,world-music
44,282240,0.629,0.652,-7.429,0.0252,0.0186,0.0,0.119,0.349,102.957,world-music
40,265520,0.396,0.843,-7.077,0.0467,0.0041,2.46e-06,0.45,0.354,144.011,world-music
50,264453,0.412,0.362,-9.556,0.0272,0.412,1.49e-05,0.146,0.365,77.459,world-music
28,224480,0.605,0.948,-4.649,0.0694,0.011,4.4e-06,0.834,0.472,133.962,world-music
42,238333,0.437,0.413,-9.602,0.03,0.283,0.0,0.252,0.17,69.825,world-music
43,248986,0.575,0.863,-4.42,0.0307,0.00255,2.42e-06,0.292,0.597,120.008,world-music
43,274533,0.454,0.635,-8.286,0.0331,0.0103,0.0,0.233,0.0931,148.169,world-music
46,237986,0.362,0.83,-4.183,0.033,0.0341,0.0,0.115,0.447,179.867,world-music
57,225755,0.494,0.857,-4.042,0.0379,0.0019,7.76e-06,0.132,0.467,129.994,world-music
28,325999,0.136,0.0671,-25.522,0.0494,0.989,0.968,0.105,0.0384,72.815,world-music
27,404999,0.11,0.099,-21.924,0.0416,0.978,0.867,0.106,0.0313,80.683,world-music
47,300373,0.213,0.32,-7.086,0.0301,0.349,0.0,0.0844,0.25,80.424,world-music
45,229680,0.494,0.845,-6.214,0.068,0.084,0.0,0.101,0.261,144.979,world-music
49,567186,0.368,0.607,-5.572,0.0344,0.024,0.0,0.864,0.147,131.469,world-music
27,255900,0.637,0.719,-5.964,0.0778,0.01,1.72e-06,0.231,0.528,122.006,world-music
44,254973,0.459,0.171,-10.804,0.0348,0.846,0.0,0.106,0.168,139.866,world-music
53,273773,0.425,0.519,-9.707,0.0279,0.185,0.0,0.102,0.208,143.887,world-music
39,238903,0.292,0.327,-9.864,0.0325,0.421,0.0,0.0735,0.131,132.147,world-music
44,519626,0.343,0.572,-8.502,0.0341,0.0144,0.0,0.276,0.105,125.851,world-music
49,298681,0.416,0.392,-8.97,0.0282,0.205,0.0294,0.0833,0.0896,141.8,world-music
51,228999,0.666,0.408,-7.756,0.0285,0.743,0.0,0.11,0.324,119.955,world-music
43,267733,0.658,0.293,-8.857,0.0303,0.852,0.0,0.102,0.186,119.981,world-music
49,518679,0.375,0.681,-7.758,0.0404,0.00122,0.00265,0.632,0.0676,143.885,world-music
14,445426,0.546,0.715,-11.927,0.0459,0.621,0.000218,0.294,0.85,104.905,world-music
50,281506,0.302,0.274,-10.26,0.0353,0.947,2.28e-06,0.105,0.379,75.891,world-music
43,426699,0.203,0.331,-7.2,0.0311,0.278,0.0,0.0948,0.0546,139.449,world-music
40,354280,0.453,0.496,-6.816,0.0293,0.0631,0.00018,0.0619,0.158,135.934,world-music
38,321000,0.428,0.773,-5.181,0.0487,0.028,0.0,0.126,0.274,143.986,world-music
41,396666,0.251,0.484,-8.249,0.043,0.121,7.79e-06,0.483,0.192,136.067,world-music
52,342259,0.478,0.333,-11.441,0.0328,0.316,0.0,0.0646,0.204,74.935,world-music
43,208053,0.658,0.612,-5.132,0.0337,0.821,0.0,0.101,0.248,108.08,world-music
50,266773,0.436,0.435,-8.182,0.0368,0.326,1.56e-05,0.088,0.189,123.207,world-music
47,166666,0.651,0.887,-4.67,0.111,0.109,0.0,0.0765,0.238,107.991,world-music
50,444174,0.593,0.625,-7.11,0.0291,0.015,0.000108,0.15,0.229,127.007,world-music
52,287080,0.509,0.276,-10.406,0.0301,0.203,0.0,0.15,0.138,109.707,world-music
53,339870,0.128,0.396,-9.904,0.0342,0.0561,8.3e-06,0.0966,0.05,71.965,world-music
50,371774,0.403,0.412,-8.863,0.0286,0.0247,0.0,0.128,0.064,136.05,world-music
38,375200,0.42,0.342,-8.831,0.0297,0.392,0.0,0.107,0.09,137.97,world-music
48,254880,0.434,0.873,-3.749,0.0489,0.0234,0.0,0.323,0.365,150.077,world-music
26,64470,0.411,0.0173,-43.043,0.763,7.41e-05,0.913,0.13,0.631,77.255,world-music
53,302817,0.435,0.458,-10.148,0.0332,0.05,0.0,0.0799,0.221,137.595,world-music
43,257653,0.344,0.248,-10.553,0.0306,0.678,0.0,0.106,0.119,137.92,world-music
26,174566,0.104,0.0176,-32.272,0.0423,0.992,0.913,0.13,0.0396,90.758,world-music
26,305573,0.404,0.655,-8.001,0.034,0.0031,0.0,0.165,0.2,136.946,world-music
48,408826,0.312,0.431,-7.23,0.0296,0.191,0.00107,0.124,0.287,139.542,world-music
26,116000,0.437,0.216,-21.602,0.0522,0.957,0.936,0.0983,0.0299,120.266,world-music
50,485396,0.303,0.516,-8.518,0.0302,0.00574,0.0,0.163,0.0592,141.932,world-music
40,273558,0.475,0.772,-3.988,0.0325,0.0141,0.0,0.151,0.318,81.998,world-music
50,273066,0.427,0.549,-5.669,0.0348,0.0359,0.0,0.104,0.213,139.719,world-music
43,235599,0.406,0.121,-11.65,0.0373,0.806,0.0,0.115,0.387,118.071,world-music
26,384999,0.0899,0.118,-27.108,0.0351,0.963,0.962,0.0895,0.0602,79.274,world-music
26,364999,0.308,0.0738,-25.906,0.047,0.926,0.0488,0.106,0.0559,71.61,world-music
27,287854,0.209,0.00448,-28.345,0.0351,0.986,0.922,0.122,0.0394,70.92,world-music
41,285626,0.523,0.882,-6.634,0.042,0.00267,0.0,0.107,0.445,116.113,world-music
40,467573,0.431,0.361,-10.6,0.0247,0.587,0.0,0.129,0.15,76.851,world-music
51,378076,0.412,0.371,-8.831,0.0336,0.435,0.0,0.117,0.206,129.409,world-music
27,229653,0.676,0.941,-4.116,0.0543,0.00296,0.0,0.309,0.559,120.023,world-music
43,355102,0.461,0.45,-8.849,0.0279,0.00976,0.00046,0.122,0.0808,128.015,world-music
26,159781,0.509,0.206,-17.289,0.0803,0.992,0.9,0.187,0.342,75.057,world-music
27,375977,0.0905,0.144,-25.182,0.0401,0.984,0.959,0.122,0.0347,170.643,world-music
43,504913,0.429,0.416,-8.32,0.0283,0.0305,5.29e-05,0.107,0.0368,135.86,world-music
44,546300,0.282,0.393,-10.0,0.0324,0.0333,0.0,0.102,0.106,129.891,world-music
27,192630,0.287,0.0808,-21.822,0.0496,0.916,0.312,0.121,0.0588,62.194,world-music
26,588148,0.116,0.156,-20.382,0.0375,0.938,0.958,0.067,0.0361,76.621,world-music
44,440746,0.341,0.499,-7.397,0.0324,0.0403,0.0,0.094,0.156,126.226,world-music
43,191920,0.378,0.285,-11.503,0.0271,0.257,0.0,0.078,0.175,171.865,world-music
45,266520,0.515,0.168,-10.785,0.0321,0.828,0.0,0.104,0.169,125.558,world-music
41,241960,0.493,0.654,-6.55,0.0326,0.00639,0.0,0.337,0.0899,148.113,world-music
27,224000,0.308,0.653,-19.75,0.409,0.883,0.805,0.556,0.0377,97.168,world-music
48,234000,0.306,0.613,-5.214,0.0671,0.119,0.0,0.105,0.546,162.524,world-music
14,329200,0.516,0.623,-12.638,0.0362,0.747,0.000214,0.27,0.825,101.22,world-music
38,205520,0.324,0.524,-7.622,0.0375,0.155,0.0,0.149,0.351,124.777,world-music
43,439573,0.31,0.737,-5.427,0.0317,0.0321,1.25e-06,0.107,0.186,161.982,world-music
41,278036,0.581,0.312,-10.178,0.0281,0.486,4.78e-06,0.12,0.182,126.824,world-music
50,232656,0.444,0.642,-5.856,0.0309,0.0107,0.0,0.104,0.0831,156.875,world-music
35,238773,0.51,0.564,-7.443,0.0284,0.1,0.0,0.318,0.328,137.931,world-music
47,337453,0.405,0.678,-5.448,0.0352,0.0298,0.0,0.367,0.177,144.075,world-music
39,312506,0.355,0.453,-7.113,0.0293,0.304,0.0,0.317,0.272,146.101,world-music
48,215020,0.7,0.487,-5.437,0.0486,0.208,0.0,0.11,0.363,143.964,world-music
48,146020,0.637,0.759,-4.804,0.0809,0.0244,0.0,0.0991,0.304,98.035,world-music
38,289000,0.536,0.364,-9.82,0.0291,0.576,1.97e-06,0.154,0.275,113.875,world-music
40,479053,0.237,0.55,-7.204,0.0327,0.117,4.62e-06,0.553,0.0762,151.477,world-music
52,225506,0.405,0.617,-6.413,0.0326,0.0457,0.0,0.201,0.588,73.972,world-music
47,295064,0.422,0.377,-8.705,0.0267,0.774,0.0,0.108,0.203,135.97,world-music
27,229733,0.384,0.852,-7.162,0.0676,0.171,0.0,0.381,0.586,131.56,world-music
48,244973,0.585,0.752,-5.552,0.04,0.011,4.98e-06,0.266,0.34,119.962,world-music
42,197019,0.485,0.61,-5.759,0.0322,0.0248,0.0,0.0664,0.277,143.875,world-music
43,334533,0.366,0.499,-7.263,0.0276,0.408,0.000213,0.125,0.128,72.913,world-music
54,251695,0.471,0.846,-4.05,0.0388,0.0174,0.0,0.148,0.314,109.997,world-music
25,117000,0.363,0.0195,-28.902,0.0566,0.95,0.964,0.101,0.0317,135.756,world-music
32,241600,0.576,0.711,-8.159,0.0421,0.213,2.43e-06,0.106,0.581,95.914,world-music
53,415079,0.253,0.359,-8.482,0.0317,0.31,6.16e-06,0.359,0.115,115.348,world-music
45,300427,0.595,0.319,-10.656,0.0271,0.643,2.32e-06,0.0898,0.235,136.09,world-music
40,270400,0.338,0.371,-13.026,0.0334,0.705,0.0,0.334,0.244,159.633,world-music
44,292693,0.327,0.269,-12.912,0.0339,0.825,0.000234,0.108,0.0857,141.514,world-music
26,117000,0.222,0.502,-24.618,0.061,0.86,0.97,0.101,0.227,132.561,world-music
48,328933,0.246,0.51,-6.637,0.036,0.00799,4.57e-05,0.325,0.101,159.915,world-music
43,319493,0.228,0.527,-7.72,0.0359,0.00189,0.0,0.106,0.0843,161.463,world-music
25,705288,0.308,0.148,-23.87,0.0395,0.83,0.811,0.0963,0.0398,116.531,world-music
47,193106,0.493,0.16,-11.501,0.0312,0.932,0.0,0.193,0.253,78.345,world-music
38,363013,0.307,0.546,-6.651,0.046,0.0904,0.0,0.551,0.3,141.605,world-music
38,213173,0.479,0.942,-5.803,0.041,0.0297,1.09e-05,0.112,0.647,96.397,world-music
48,191283,0.6,0.566,-9.058,0.114,0.131,1.07e-05,0.113,0.153,120.088,world-music
26,222171,0.363,0.978,-25.881,0.0579,0.918,0.939,0.805,0.0128,97.477,world-music
37,335724,0.348,0.154,-13.982,0.0507,0.884,0.0,0.111,0.295,77.992,world-music
43,244696,0.551,0.945,-8.005,0.0439,3.55e-05,0.0,0.469,0.296,125.982,world-music
25,253000,0.19,0.445,-16.112,0.048,0.786,0.837,0.151,0.118,119.421,world-music
43,230673,0.431,0.734,-4.561,0.0383,0.121,0.0,0.104,0.363,159.974,world-music
34,300560,0.459,0.375,-7.457,0.0254,0.28,0.0,0.111,0.46,144.027,world-music
26,299200,0.768,0.534,-10.144,0.152,0.34,1.41e-05,0.0708,0.764,179.97,world-music
25,212079,0.123,0.00887,-27.479,0.0389,0.99,0.925,0.123,0.0439,70.454,world-music
37,244349,0.573,0.881,-7.097,0.0509,0.000915,0.0,0.202,0.51,126.039,world-music
25,403999,0.208,0.151,-17.049,0.0493,0.994,0.967,0.0933,0.0709,115.146,world-music
37,240396,0.518,0.183,-14.355,0.0328,0.907,0.0,0.112,0.308,143.62,world-music
41,297640,0.388,0.561,-7.374,0.0302,0.00881,0.0,0.763,0.18,139.777,world-music
26,364981,0.143,0.0206,-30.18,0.0475,0.809,0.606,0.0859,0.039,71.35,world-music
25,403113,0.135,0.0271,-29.209,0.0373,0.993,0.983,0.0907,0.0376,70.888,world-music
56,221274,0.455,0.403,-8.221,0.0388,0.555,0.0,0.327,0.434,125.858,world-music
25,396033,0.0748,0.202,-16.793,0.0368,0.987,0.939,0.124,0.034,66.177,world-music
13,184026,0.569,0.205,-16.741,0.0382,0.833,0.00014,0.0935,0.518,91.439,world-music
37,268600,0.45,0.817,-5.069,0.047,0.0016,0.0,0.175,0.457,159.817,world-music
37,329106,0.516,0.717,-6.718,0.0329,0.00194,0.00306,0.904,0.176,135.9,world-music
34,222840,0.614,0.417,-10.491,0.0275,0.453,1.1e-05,0.199,0.309,132.06,world-music
41,301973,0.323,0.232,-12.207,0.0344,0.846,8.6e-06,0.0777,0.322,132.536,world-music
50,174971,0.49,0.231,-13.968,0.0265,0.607,0.0,0.0859,0.0904,103.958,world-music
24,166746,0.0865,0.00504,-36.082,0.0494,0.991,0.965,0.101,0.138,169.362,world-music
42,417840,0.294,0.35,-11.215,0.0326,0.467,9.58e-05,0.85,0.0835,135.927,world-music
41,178720,0.442,0.722,-4.79,0.039,0.416,0.0,0.122,0.526,75.966,world-music
43,228845,0.424,0.732,-4.547,0.0393,0.104,0.0,0.108,0.426,160.287,world-music
52,365185,0.301,0.47,-7.896,0.0314,0.195,0.0,0.113,0.0724,74.912,world-music
42,207384,0.663,0.899,-3.816,0.0472,0.00041,0.000905,0.366,0.841,118.015,world-music
40,197979,0.526,0.833,-5.112,0.0412,0.0447,0.0,0.134,0.524,81.936,world-music
43,330506,0.395,0.58,-7.423,0.0284,0.363,0.0,0.0436,0.16,153.784,world-music
39,199066,0.415,0.693,-4.664,0.0318,0.027,0.0,0.183,0.572,167.826,world-music
47,189398,0.431,0.34,-10.316,0.0275,0.472,0.0034,0.115,0.181,80.044,world-music
38,431380,0.517,0.956,-4.709,0.0675,0.00018,0.00159,0.215,0.193,127.985,world-music
48,330840,0.515,0.0736,-15.492,0.031,0.975,0.000261,0.082,0.0684,109.964,world-music
25,216903,0.131,0.00867,-41.49,0.0408,0.992,0.925,0.113,0.0569,145.861,world-music
48,351236,0.624,0.124,-11.191,0.028,0.917,0.0,0.12,0.206,78.014,world-music
39,441680,0.255,0.148,-13.001,0.0361,0.626,2.89e-06,0.989,0.0809,117.479,world-music
45,234466,0.276,0.766,-5.202,0.0387,0.000465,7.25e-06,0.0874,0.19,167.92,world-music
49,205386,0.464,0.225,-9.155,0.0403,0.587,5.64e-06,0.116,0.214,84.677,world-music
40,238893,0.551,0.65,-9.09,0.0316,0.00865,5.58e-05,0.263,0.301,98.098,world-music
25,370774,0.206,0.19,-20.226,0.0422,0.972,0.923,0.11,0.0353,128.255,world-music
25,377999,0.0633,0.083,-25.813,0.0458,0.963,0.959,0.106,0.0329,67.022,world-music
43,200360,0.645,0.944,-5.451,0.0565,0.0133,0.0,0.667,0.396,99.971,world-music
43,211506,0.391,0.6,-3.935,0.0298,0.0692,0.0,0.134,0.27,81.964,world-music
46,237773,0.669,0.856,-6.437,0.0492,0.00995,0.0,0.491,0.502,121.972,world-music
40,297133,0.511,0.935,-4.743,0.0409,0.00061,2.39e-06,0.928,0.511,107.999,world-music
25,380999,0.117,0.224,-22.045,0.0381,0.944,0.963,0.0992,0.0335,87.464,world-music
25,236968,0.166,0.00892,-32.364,0.0514,0.988,0.955,0.0918,0.0929,130.205,world-music
25,455580,0.436,0.336,-9.894,0.0307,0.0455,0.0,0.7,0.143,107.78,world-music
25,555826,0.228,0.127,-25.494,0.0598,0.924,0.777,0.14,0.0363,128.591,world-music
24,310552,0.327,0.0848,-21.8,0.0317,0.993,0.946,0.165,0.104,67.844,world-music
44,202988,0.599,0.935,-3.736,0.0453,0.0541,0.0,0.11,0.405,119.984,world-music
25,401999,0.197,0.137,-20.976,0.0449,0.994,0.957,0.104,0.0377,86.368,world-music
42,338026,0.274,0.485,-9.375,0.0299,0.0852,0.0,0.129,0.333,146.464,world-music
36,250973,0.536,0.667,-8.427,0.0268,0.0041,0.00306,0.752,0.329,110.013,world-music
25,331613,0.517,0.116,-21.764,0.0483,0.994,0.929,0.109,0.0999,90.003,world-music
52,218786,0.575,0.604,-7.223,0.0452,0.015,0.0,0.0725,0.517,74.974,world-music
49,413573,0.322,0.558,-8.321,0.0306,0.0596,0.00016,0.102,0.0813,139.92,world-music
25,207866,0.773,0.634,-7.33,0.0754,0.381,0.0,0.163,0.565,135.991,world-music
39,253986,0.671,0.428,-7.347,0.0282,0.322,0.0,0.111,0.36,113.379,world-music
43,274533,0.454,0.635,-8.286,0.0331,0.0103,0.0,0.233,0.0931,148.169,world-music
55,183706,0.612,0.83,-4.361,0.0464,0.00171,0.0,0.125,0.525,103.84,world-music
25,268000,0.162,0.419,-17.254,0.0417,0.739,0.967,0.0961,0.0757,99.655,world-music
37,273465,0.301,0.302,-10.509,0.0294,0.0628,8.14e-06,0.106,0.13,136.356,world-music
45,319744,0.412,0.345,-9.411,0.0281,0.434,1.14e-05,0.36,0.101,139.951,world-music
25,433513,0.166,0.687,-5.253,0.0394,0.00332,3.45e-05,0.188,0.198,151.263,world-music
49,239613,0.428,0.73,-4.435,0.0286,0.00497,0.0,0.244,0.161,147.976,world-music
50,252957,0.446,0.0974,-14.472,0.0319,0.95,0.000149,0.0725,0.146,64.068,world-music
39,278440,0.336,0.653,-8.475,0.0341,0.0301,2.6e-06,0.964,0.271,160.529,world-music
50,329534,0.333,0.119,-15.373,0.0325,0.787,7.2e-05,0.103,0.0702,139.742,world-music
39,371640,0.4,0.728,-6.467,0.0448,0.0183,0.0,0.0913,0.205,139.821,world-music
49,254373,0.301,0.762,-3.392,0.0402,0.0919,0.0,0.0822,0.223,161.864,world-music
51,395161,0.368,0.672,-7.597,0.0402,0.00269,0.0,0.121,0.165,145.114,world-music
37,325253,0.456,0.805,-4.308,0.0348,8.3e-05,3.55e-06,0.924,0.21,128.001,world-music
27,266000,0.493,0.684,-5.436,0.0262,0.0468,0.0,0.121,0.357,83.516,world-music
36,120413,0.628,0.52,-8.331,0.0278,0.812,0.0,0.963,0.654,89.97,world-music
50,244120,0.51,0.42,-8.014,0.0312,0.384,0.0,0.102,0.19,125.898,world-music
30,401773,0.423,0.617,-6.458,0.0308,0.0091,0.0,0.866,0.199,142.042,world-music
44,258482,0.513,0.81,-6.826,0.0393,0.000796,0.0,0.911,0.372,121.015,world-music
24,350000,0.205,0.181,-18.639,0.0618,0.987,0.968,0.129,0.0377,72.184,world-music
48,261229,0.523,0.535,-11.394,0.031,0.0209,0.0,0.111,0.76,159.903,world-music
55,336932,0.254,0.527,-9.225,0.0395,0.0327,3.21e-05,0.0532,0.1,147.561,world-music
42,242840,0.451,0.952,-3.186,0.0571,0.0378,0.0,0.901,0.381,95.985,world-music
24,118000,0.254,0.996,-21.444,0.0549,0.157,0.661,0.353,0.012,107.921,world-music
42,209920,0.571,0.853,-6.589,0.0465,0.00643,1.32e-06,0.684,0.376,126.016,world-music
40,240493,0.457,0.435,-7.299,0.0277,0.262,0.0,0.103,0.312,75.997,world-music
25,277920,0.234,0.673,-4.898,0.0372,0.157,0.0,0.129,0.419,159.785,world-music
24,278998,0.12,0.0846,-24.92,0.0465,0.993,0.945,0.105,0.0338,71.719,world-music
40,290300,0.449,0.213,-13.079,0.0291,0.573,0.0,0.706,0.172,70.477,world-music
38,267546,0.421,0.554,-7.365,0.0323,0.0318,8.89e-05,0.26,0.0709,142.663,world-music
47,182573,0.64,0.848,-4.172,0.0444,0.0103,0.0,0.176,0.639,141.978,world-music
44,225623,0.436,0.721,-7.864,0.0461,0.00383,0.0,0.361,0.196,126.859,world-music
38,394293,0.338,0.486,-7.38,0.0308,0.235,0.0,0.433,0.117,143.689,world-music
24,203960,0.53,0.654,-7.017,0.0279,0.045,0.0,0.0685,0.427,75.033,world-music
37,470760,0.499,0.531,-10.022,0.0291,0.0106,0.0,0.247,0.139,104.026,world-music
45,195480,0.545,0.822,-6.555,0.0278,0.0136,1.27e-05,0.716,0.229,130.051,world-music
24,118000,0.165,0.112,-39.693,0.101,0.96,0.972,0.107,0.173,85.856,world-music
43,386986,0.359,0.501,-8.621,0.0294,0.151,2.31e-06,0.11,0.077,145.785,world-music
43,222746,0.516,0.832,-4.899,0.0419,0.124,0.0,0.0663,0.614,139.955,world-music
24,106000,0.196,0.116,-31.417,0.0377,0.859,0.956,0.106,0.102,49.126,world-music
33,232333,0.535,0.793,-8.073,0.0518,0.0409,0.0,0.487,0.558,131.798,world-music
37,208120,0.388,0.794,-6.262,0.044,0.12,0.0,0.0957,0.328,150.032,world-music
25,109506,0.139,0.925,-32.267,0.0474,0.131,0.992,0.895,0.00271,85.949,world-music
50,479771,0.375,0.508,-9.399,0.0335,0.115,2.04e-06,0.0647,0.124,135.024,world-music
24,3601693,0.0,2.03e-05,-11.165,0.0,0.186,1.0,0.362,0.0,0.0,world-music
36,251264,0.369,0.637,-6.279,0.0299,0.0443,0.0,0.179,0.121,75.37,world-music
34,475813,0.239,0.694,-5.618,0.0381,0.00045,0.0,0.425,0.166,169.966,world-music
25,253320,0.517,0.606,-8.692,0.0319,0.138,1.67e-05,0.0645,0.187,148.054,world-music
25,266847,0.177,0.208,-12.633,0.0376,0.906,0.919,0.111,0.0381,68.734,world-music
43,280600,0.215,0.699,-9.236,0.12,0.387,0.0122,0.974,0.147,135.639,world-music
25,212800,0.535,0.537,-9.015,0.038,0.808,0.0,0.255,0.919,119.241,world-music
37,288345,0.464,0.239,-10.822,0.0289,0.606,0.0,0.112,0.361,139.63,world-music
25,232146,0.804,0.854,-7.937,0.0487,0.611,8.31e-05,0.395,0.841,104.004,world-music
25,320465,0.285,0.21,-15.226,0.0335,0.934,0.0601,0.11,0.105,70.582,world-music
40,276426,0.527,0.838,-6.615,0.0478,0.00161,0.0,0.764,0.371,121.96,world-music
40,254235,0.458,0.58,-7.502,0.0347,0.0802,1.41e-06,0.238,0.168,143.81,world-music
38,228986,0.532,0.23,-13.153,0.0314,0.81,0.0,0.107,0.267,124.822,world-music
43,292546,0.503,0.143,-14.105,0.0291,0.913,0.0,0.12,0.263,70.072,world-music
38,324173,0.437,0.555,-6.758,0.0367,0.0833,0.0,0.704,0.157,119.902,world-music
36,202878,0.526,0.707,-5.696,0.0388,0.053,0.0,0.13,0.39,154.83,world-music
46,155000,0.542,0.695,-7.566,0.0559,0.19,0.000184,0.515,0.435,144.007,world-music
42,296400,0.466,0.67,-4.701,0.0297,0.155,0.0,0.145,0.395,126.142,world-music
46,203752,0.418,0.331,-8.296,0.0339,0.931,4.92e-05,0.0994,0.376,82.134,world-music
42,225996,0.293,0.658,-9.224,0.0447,0.0122,0.0,0.089,0.338,157.315,world-music
41,256133,0.495,0.789,-4.139,0.0348,0.0199,0.0,0.126,0.286,86.019,world-music
33,272391,0.43,0.21,-12.989,0.0352,0.884,0.0,0.0677,0.305,151.439,world-music
37,311400,0.303,0.731,-7.861,0.0608,0.164,0.000383,0.284,0.224,147.386,world-music
24,227668,0.73,0.744,-4.444,0.0439,0.00651,3.36e-05,0.0633,0.696,131.971,world-music
38,203440,0.658,0.575,-7.546,0.0276,0.00386,0.0,0.135,0.82,100.026,world-music
32,214724,0.53,0.841,-4.643,0.0342,0.25,0.0,0.0939,0.417,75.033,world-music
47,314328,0.402,0.263,-12.643,0.0301,0.821,0.0,0.0824,0.282,143.773,world-music
43,193240,0.344,0.598,-4.596,0.0376,0.541,0.0,0.196,0.276,179.89,world-music
40,319960,0.417,0.535,-7.033,0.0359,0.209,0.0,0.0948,0.355,143.895,world-music
41,181507,0.283,0.0678,-13.795,0.033,0.704,0.00125,0.11,0.179,86.938,world-music
45,241773,0.471,0.617,-9.163,0.0302,0.424,2.62e-05,0.364,0.362,136.013,world-music
40,227033,0.503,0.581,-6.928,0.0347,0.188,0.0,0.109,0.379,143.969,world-music
23,357999,0.139,0.0838,-24.937,0.0437,0.994,0.907,0.109,0.0363,70.194,world-music
23,240000,0.526,0.192,-19.492,0.0327,0.89,0.942,0.1,0.365,125.962,world-music
47,226373,0.59,0.782,-5.638,0.123,0.0107,1.12e-05,0.0484,0.352,177.811,world-music
40,377533,0.179,0.384,-10.577,0.0299,0.561,7.77e-06,0.191,0.171,69.024,world-music
43,428102,0.187,0.587,-7.662,0.0472,0.0154,9.92e-06,0.105,0.0716,75.237,world-music
41,305880,0.404,0.649,-5.299,0.0285,0.00278,8.85e-06,0.191,0.194,77.064,world-music
24,604806,0.132,0.0542,-20.167,0.0364,0.969,0.928,0.0988,0.0518,97.971,world-music
23,355000,0.325,0.00267,-20.489,0.0514,0.979,0.933,0.0991,0.0964,69.883,world-music
50,426715,0.494,0.522,-6.723,0.0291,0.319,0.0,0.67,0.188,72.009,world-music
41,213523,0.5,0.937,-4.606,0.0886,0.00633,0.0,0.686,0.341,131.988,world-music
36,129960,0.348,0.249,-10.28,0.029,0.143,0.0,0.221,0.0913,74.577,world-music
24,271000,0.174,0.133,-23.521,0.0374,0.969,0.274,0.154,0.0719,92.279,world-music
41,300386,0.341,0.748,-5.559,0.0334,0.047,0.000529,0.396,0.326,161.714,world-music
41,310506,0.329,0.368,-9.865,0.0334,0.395,1.67e-05,0.115,0.354,108.685,world-music
36,298764,0.414,0.639,-6.234,0.0305,0.0684,0.0,0.102,0.347,136.789,world-music
46,256640,0.643,0.78,-5.352,0.04,0.102,2.81e-05,0.0941,0.48,113.96,world-music
42,208978,0.575,0.939,-4.113,0.127,0.00118,0.0,0.205,0.624,128.035,world-music
40,222733,0.333,0.52,-9.746,0.0315,0.182,6.28e-06,0.673,0.259,91.983,world-music
45,218197,0.681,0.843,-6.213,0.0423,0.0421,0.0,0.791,0.612,104.983,world-music
43,375000,0.43,0.376,-12.676,0.0361,0.727,8.29e-05,0.234,0.338,147.28,world-music
37,302113,0.359,0.78,-5.685,0.0372,2.46e-05,0.0,0.738,0.26,151.939,world-music
25,201600,0.647,0.682,-6.662,0.0394,0.731,4.02e-06,0.235,0.879,95.701,world-music
40,203426,0.558,0.858,-6.5,0.0431,0.00571,0.0,0.715,0.269,114.992,world-music
41,334053,0.158,0.499,-7.422,0.0369,0.00399,0.0,0.112,0.109,199.573,world-music
50,248760,0.426,0.829,-4.075,0.0334,0.118,0.0,0.137,0.524,144.834,world-music
38,219378,0.531,0.534,-7.577,0.0277,0.0143,0.0,0.0642,0.344,81.873,world-music
46,332946,0.421,0.75,-6.596,0.0437,0.227,0.0,0.702,0.199,75.003,world-music
24,287466,0.694,0.463,-6.785,0.029,0.642,2.24e-06,0.118,0.178,106.684,world-music
25,354626,0.483,0.501,-10.215,0.0587,0.807,0.000217,0.711,0.583,154.884,world-music
46,301240,0.438,0.32,-7.085,0.0282,0.356,0.0,0.0767,0.267,81.979,world-music
40,215066,0.679,0.757,-7.668,0.0556,0.0255,0.355,0.312,0.611,110.015,world-music
41,293160,0.248,0.294,-8.327,0.0295,0.764,0.0,0.108,0.126,149.464,world-music
51,353013,0.397,0.727,-5.316,0.0316,0.0336,8.33e-05,0.113,0.141,136.017,world-music
40,344853,0.455,0.445,-9.249,0.0306,0.155,7.88e-06,0.174,0.0987,142.004,world-music
36,320146,0.432,0.701,-6.181,0.0474,0.0202,0.0,0.151,0.169,144.074,world-music
39,281440,0.465,0.726,-5.334,0.0602,0.0603,0.0,0.0919,0.185,139.916,world-music
45,389982,0.199,0.277,-10.719,0.0327,0.843,0.0,0.0725,0.142,89.074,world-music
36,239040,0.384,0.576,-9.801,0.0311,0.257,0.0,0.0868,0.324,171.987,world-music
41,276066,0.235,0.208,-14.046,0.0317,0.752,0.0,0.947,0.226,144.471,world-music
46,319546,0.585,0.113,-14.884,0.0335,0.921,0.0,0.108,0.224,138.186,world-music
49,330422,0.3,0.189,-11.753,0.0303,0.935,0.0,0.114,0.264,96.731,world-music
36,203200,0.57,0.838,-6.17,0.0257,0.000186,0.0,0.08,0.454,105.977,world-music
45,315007,0.395,0.397,-9.125,0.0334,0.537,6.75e-05,0.125,0.229,131.527,world-music
44,387167,0.503,0.747,-7.591,0.0285,0.0795,2.72e-05,0.099,0.189,132.001,world-music
35,240853,0.341,0.349,-8.402,0.0319,0.628,0.0,0.162,0.199,70.65,world-music
45,372546,0.563,0.307,-11.49,0.0286,0.863,3.2e-05,0.108,0.25,131.91,world-music
42,228341,0.523,0.899,-8.22,0.121,0.000108,0.00143,0.713,0.439,128.075,world-music
50,312266,0.416,0.429,-10.347,0.0355,0.592,0.0,0.0622,0.0926,91.072,world-music
23,116000,0.249,0.995,-21.726,0.0722,0.178,0.819,0.397,0.00984,110.245,world-music
50,397216,0.255,0.558,-7.974,0.0359,0.0169,2.17e-05,0.0879,0.183,141.486,world-music
36,386040,0.546,0.514,-7.224,0.0324,0.377,6.87e-06,0.1,0.14,119.91,world-music
39,272290,0.541,0.495,-6.221,0.0288,0.452,0.0,0.112,0.386,74.986,world-music
43,611770,0.308,0.613,-7.665,0.0427,0.0167,0.0,0.217,0.19,127.08,world-music
45,334466,0.392,0.769,-5.137,0.032,0.0403,0.0,0.306,0.294,144.025,world-music
39,310293,0.226,0.275,-13.02,0.0302,0.74,9.42e-05,0.344,0.151,142.075,world-music
48,240986,0.59,0.837,-5.204,0.0921,0.217,1.66e-05,0.107,0.356,130.043,world-music
45,385360,0.445,0.559,-9.474,0.0364,0.00603,1.24e-05,0.949,0.185,136.016,world-music
42,244546,0.447,0.315,-9.422,0.0282,0.437,0.0,0.125,0.334,134.052,world-music
42,383293,0.464,0.788,-6.405,0.0405,0.144,0.0,0.195,0.186,104.965,world-music
41,241263,0.38,0.742,-5.677,0.0369,0.000812,0.0,0.856,0.262,160.748,world-music
23,227000,0.421,0.0099,-26.688,0.0332,0.982,0.954,0.0928,0.0357,69.963,world-music
42,196022,0.549,0.466,-12.071,0.0379,0.2,1.13e-06,0.121,0.258,149.87,world-music
24,96219,0.24,0.86,-22.247,0.0673,0.000592,0.978,0.82,0.0223,112.507,world-music
45,211822,0.342,0.297,-8.403,0.0312,0.717,6.21e-05,0.131,0.071,76.657,world-music
44,416893,0.289,0.262,-11.907,0.0304,0.616,0.0012,0.933,0.154,136.47,world-music
24,334592,0.0765,0.317,-11.549,0.0337,0.797,0.869,0.111,0.124,80.168,world-music
43,235599,0.406,0.121,-11.65,0.0373,0.806,0.0,0.115,0.387,118.071,world-music
24,272880,0.691,0.651,-9.419,0.11,0.501,1.51e-05,0.162,0.552,105.997,world-music
23,113406,0.102,0.93,-31.992,0.0422,0.143,0.993,0.85,1e-05,75.548,world-music
39,311240,0.171,0.752,-5.515,0.0414,0.0224,0.0,0.317,0.165,72.895,world-music
23,104025,0.173,0.895,-33.335,0.0431,0.152,0.992,0.92,0.00312,94.917,world-music
23,421000,0.196,0.126,-15.217,0.0306,0.976,0.905,0.0639,0.0796,99.783,world-music
36,263266,0.256,0.648,-4.237,0.0382,0.0202,0.0,0.299,0.331,179.688,world-music
24,384501,0.266,0.318,-8.948,0.0429,0.265,0.0,0.713,0.219,190.389,world-music
23,345909,0.445,0.168,-16.367,0.0306,0.962,0.679,0.554,0.0951,132.089,world-music
23,312396,0.138,0.255,-19.885,0.0331,0.988,0.871,0.0848,0.0399,74.75,world-music
42,365134,0.356,0.555,-5.658,0.0311,0.237,0.0,0.107,0.0759,78.104,world-music
41,271586,0.312,0.22,-9.98,0.0411,0.829,0.0,0.103,0.173,71.038,world-music
35,267353,0.444,0.766,-3.648,0.0322,0.059,0.0,0.269,0.393,148.023,world-music
39,292373,0.353,0.575,-7.047,0.0316,0.0278,0.0,0.856,0.255,143.982,world-music
40,217373,0.626,0.195,-12.24,0.0379,0.876,0.0,0.117,0.532,153.712,world-music
39,311788,0.516,0.806,-7.74,0.0492,0.00198,3.75e-06,0.699,0.315,103.063,world-music
46,556844,0.124,0.481,-7.785,0.0324,0.174,0.0,0.268,0.105,74.962,world-music
43,351771,0.515,0.261,-12.016,0.0289,0.781,0.000828,0.11,0.0388,119.941,world-music
11,303973,0.63,0.462,-10.792,0.0406,0.849,0.000186,0.125,0.963,84.252,world-music
28,274829,0.283,0.432,-8.925,0.0352,0.543,0.0,0.965,0.161,73.195,world-music
43,214693,0.487,0.568,-8.444,0.0395,0.811,0.000107,0.135,0.291,187.774,world-music
45,280519,0.548,0.737,-7.471,0.0337,0.157,0.0,0.382,0.407,119.974,world-music
40,244413,0.452,0.821,-5.863,0.0442,0.382,0.0,0.0902,0.311,147.871,world-music
45,323346,0.394,0.627,-6.707,0.0322,0.25,0.0,0.118,0.237,153.939,world-music
38,574973,0.337,0.418,-10.758,0.034,0.101,0.0,0.395,0.305,131.985,world-music
47,273183,0.558,0.418,-9.144,0.0291,0.137,0.0,0.0965,0.385,125.97,world-music
44,207720,0.619,0.621,-4.78,0.0229,0.461,0.0,0.186,0.633,92.017,world-music
35,198043,0.509,0.572,-4.139,0.0282,0.606,4.42e-05,0.125,0.141,139.852,world-music
37,194266,0.231,0.234,-12.478,0.0328,0.872,0.0,0.228,0.107,74.248,world-music
41,304140,0.578,0.91,-6.849,0.0672,0.000661,0.0472,0.42,0.691,123.976,world-music
39,428186,0.316,0.581,-6.609,0.0325,0.0873,0.0,0.0699,0.175,141.705,world-music
41,347960,0.337,0.884,-5.096,0.0588,0.0154,0.0,0.395,0.331,155.942,world-music
43,195516,0.348,0.693,-6.024,0.187,0.208,0.0,0.268,0.245,87.969,world-music
22,370999,0.165,0.146,-23.202,0.0426,0.972,0.264,0.229,0.0552,93.777,world-music
40,350720,0.478,0.524,-7.588,0.0267,0.121,0.0,0.667,0.32,72.502,world-music
54,416323,0.282,0.775,-5.33,0.0446,0.00428,0.0,0.35,0.224,82.702,world-music
49,328973,0.279,0.664,-5.613,0.0389,0.0152,0.0,0.11,0.0527,144.168,world-music
46,378693,0.446,0.504,-9.005,0.0274,0.00882,0.00974,0.37,0.136,142.004,world-music
22,183883,0.506,0.795,-5.407,0.0307,0.13,0.0,0.217,0.639,75.037,world-music
22,291000,0.21,0.122,-19.735,0.0362,0.955,0.722,0.118,0.0384,132.386,world-music
44,203320,0.598,0.715,-6.036,0.0449,0.0111,0.0,0.233,0.319,95.028,world-music
32,290764,0.353,0.723,-7.409,0.0738,0.215,0.0,0.598,0.176,143.994,world-music
42,312666,0.291,0.17,-12.116,0.033,0.814,0.0,0.128,0.264,127.708,world-music
33,339082,0.403,0.196,-11.488,0.0344,0.803,0.0,0.105,0.169,127.274,world-music
23,236000,0.495,0.614,-8.616,0.0343,0.0423,2.22e-05,0.112,0.178,142.049,world-music
22,108570,0.183,0.823,-29.707,0.0712,0.543,0.92,0.921,0.00766,83.046,world-music
35,339994,0.362,0.728,-8.105,0.046,0.027,0.0,0.0681,0.0557,163.941,world-music
23,500600,0.385,0.586,-8.668,0.035,0.0348,0.0,0.976,0.0776,143.119,world-music
23,387997,0.251,0.00627,-29.792,0.0295,0.64,0.933,0.112,0.0463,143.844,world-music
39,424906,0.356,0.668,-6.695,0.0336,0.0221,0.000112,0.148,0.0531,76.964,world-music
36,256790,0.484,0.68,-8.489,0.0317,0.00226,0.0,0.136,0.189,75.007,world-music
48,219000,0.488,0.875,-4.645,0.101,0.00585,0.0,0.0793,0.486,119.995,world-music
23,329352,0.113,0.169,-16.514,0.0413,0.979,0.951,0.116,0.0383,74.423,world-music
23,324999,0.0688,0.0434,-23.135,0.0407,0.981,0.868,0.104,0.038,70.747,world-music
39,348619,0.42,0.553,-8.049,0.0332,0.141,0.0,0.103,0.214,143.804,world-music
23,292000,0.0997,0.04,-21.754,0.0401,0.968,0.669,0.0888,0.0327,72.379,world-music
37,454912,0.534,0.539,-9.436,0.031,0.0235,0.0,0.075,0.0655,103.975,world-music
40,420280,0.203,0.54,-8.723,0.0332,0.0859,0.00127,0.921,0.0638,109.62,world-music
43,251933,0.481,0.691,-4.253,0.026,0.00158,0.0,0.177,0.428,83.984,world-music
40,291565,0.454,0.427,-8.049,0.029,0.0205,0.0,0.69,0.184,135.887,world-music
23,416178,0.417,0.688,-7.356,0.0397,0.00401,1.24e-05,0.0619,0.283,155.676,world-music
45,250426,0.478,0.347,-7.43,0.0261,0.0672,0.0,0.0838,0.28,99.947,world-music
37,413889,0.511,0.423,-8.902,0.0285,0.0846,0.0,0.218,0.167,139.855,world-music
23,272600,0.641,0.306,-11.56,0.094,0.867,0.0,0.341,0.746,77.944,world-music
40,294368,0.204,0.242,-12.121,0.0354,0.608,0.0,0.174,0.0765,134.742,world-music
48,195846,0.321,0.148,-13.452,0.0311,0.81,0.0,0.131,0.166,139.766,world-music
44,249080,0.525,0.718,-5.464,0.0433,0.0427,0.0,0.147,0.288,90.016,world-music
36,207800,0.459,0.734,-6.151,0.0424,0.0052,0.0,0.25,0.39,76.011,world-music
34,223400,0.385,0.786,-5.198,0.0406,0.00486,0.0,0.209,0.382,159.923,world-music
40,352520,0.488,0.555,-6.777,0.0271,0.136,0.0,0.114,0.202,143.886,world-music
22,302185,0.0,0.224,-10.224,0.0,0.142,0.986,0.411,0.0,0.0,world-music
23,298080,0.389,0.685,-8.478,0.0327,0.00859,9.45e-05,0.122,0.125,75.019,world-music
47,217651,0.361,0.43,-8.438,0.0451,0.0985,2.68e-06,0.0736,0.251,141.802,world-music
41,205840,0.4,0.284,-11.616,0.0265,0.378,3.13e-05,0.55,0.236,82.544,world-music
23,523893,0.473,0.109,-17.631,0.0315,0.976,0.896,0.0983,0.146,96.008,world-music
47,300933,0.144,0.644,-6.666,0.0431,0.0166,0.0,0.0934,0.138,185.57,world-music
22,354000,0.177,0.17,-30.298,0.0443,0.971,0.957,0.102,0.243,136.492,world-music
49,264680,0.466,0.486,-10.731,0.0288,0.82,4.5e-05,0.156,0.186,136.949,world-music
34,318373,0.515,0.854,-6.375,0.0394,0.0256,0.00023,0.1,0.288,103.448,world-music
45,522200,0.373,0.477,-8.052,0.0271,0.409,0.000425,0.0811,0.095,143.869,world-music
30,210161,0.365,0.487,-6.523,0.0374,0.204,0.0,0.0934,0.474,207.881,world-music
23,224533,0.581,0.427,-13.769,0.0354,0.796,0.0,0.282,0.864,77.895,world-music
42,265306,0.471,0.551,-6.897,0.0326,0.188,0.0,0.133,0.195,135.866,world-music
47,213076,0.387,0.379,-12.589,0.0292,0.748,0.00258,0.0898,0.404,80.754,world-music
39,295239,0.395,0.389,-7.506,0.0266,0.702,1.41e-06,0.101,0.129,74.738,world-music
43,201401,0.373,0.225,-10.295,0.0279,0.148,0.00026,0.111,0.0857,96.014,world-music
59,293640,0.575,0.43,-13.168,0.0363,0.822,0.000661,0.115,0.427,82.691,world-music
38,278586,0.666,0.956,-3.09,0.0975,0.00455,1.6e-06,0.953,0.487,124.003,world-music
23,229320,0.373,0.37,-12.215,0.0276,0.234,0.0294,0.106,0.149,77.853,world-music
39,274333,0.315,0.39,-9.468,0.0316,0.649,0.0,0.476,0.253,135.354,world-music
36,210314,0.633,0.694,-5.612,0.097,0.0998,0.0,0.0975,0.594,104.832,world-music
22,240962,0.167,0.1,-22.747,0.0359,0.986,0.962,0.109,0.0349,85.407,world-music
23,467089,0.396,0.42,-8.238,0.0315,0.694,0.0,0.132,0.355,131.472,world-music
22,356000,0.158,0.0457,-20.763,0.0385,0.977,0.326,0.102,0.0337,74.084,world-music
22,214377,0.226,0.125,-27.496,0.0363,0.958,0.928,0.105,0.108,74.1,world-music
23,266632,0.473,0.474,-9.175,0.0558,0.395,0.0,0.163,0.251,140.746,world-music
23,266632,0.473,0.474,-9.175,0.0558,0.395,0.0,0.163,0.251,140.746,world-music
50,519770,0.462,0.613,-8.559,0.0328,0.254,7.74e-05,0.124,0.259,133.851,world-music
49,286851,0.448,0.52,-7.17,0.0298,0.598,0.0,0.093,0.347,117.903,world-music
23,578680,0.397,0.468,-8.151,0.0521,0.414,0.0,0.0971,0.266,135.012,world-music
22,281000,0.241,0.281,-22.301,0.05,0.872,0.00257,0.113,0.166,124.982,world-music
48,284946,0.514,0.803,-6.415,0.0495,0.0382,0.0,0.0899,0.262,128.001,world-music
40,240066,0.297,0.676,-5.891,0.0409,0.0851,0.0,0.0802,0.172,148.151,world-music
36,232280,0.348,0.386,-8.52,0.0284,0.399,1.11e-06,0.0706,0.334,131.437,world-music
35,409023,0.319,0.412,-7.529,0.0308,0.509,0.0,0.253,0.148,139.661,world-music
48,219626,0.576,0.837,-5.877,0.0326,0.000215,0.0,0.191,0.419,118.974,world-music
40,220393,0.608,0.934,-7.437,0.0745,0.000791,0.0,0.378,0.438,124.036,world-music
23,231299,0.567,0.865,-6.731,0.0357,0.000526,0.00187,0.353,0.444,131.984,world-music
39,348226,0.296,0.348,-10.548,0.0295,0.249,0.297,0.444,0.0703,159.955,world-music
47,208000,0.583,0.596,-7.159,0.0309,0.219,3.58e-05,0.114,0.478,82.996,world-music
37,327625,0.301,0.297,-12.963,0.0354,0.419,0.0,0.111,0.146,129.829,world-music
22,144080,0.514,0.156,-15.889,0.0423,0.958,0.93,0.111,0.158,142.513,world-music
23,384501,0.266,0.318,-8.948,0.0429,0.265,0.0,0.713,0.219,190.389,world-music
22,371000,0.088,0.123,-21.381,0.0428,0.99,0.869,0.0787,0.0342,70.189,world-music
41,777866,0.237,0.161,-12.265,0.0326,0.778,0.00358,0.182,0.0812,104.997,world-music
34,282546,0.29,0.209,-9.947,0.0341,0.778,6.03e-06,0.093,0.172,124.092,world-music
37,422426,0.41,0.531,-7.9,0.0339,0.203,0.00121,0.182,0.074,87.955,world-music
21,200516,0.599,0.0869,-20.312,0.0333,0.895,0.891,0.11,0.0762,105.02,world-music
21,105000,0.259,0.0337,-35.648,0.0468,0.45,0.735,0.103,0.0358,78.003,world-music
21,108000,0.166,0.0614,-32.625,0.0398,0.29,0.868,0.122,0.0489,71.805,world-music
22,356600,0.314,0.264,-15.305,0.0417,0.698,0.0,0.101,0.454,92.669,world-music
41,473293,0.503,0.315,-10.545,0.0252,0.436,1.31e-05,0.712,0.184,99.073,world-music
36,284186,0.447,0.286,-9.486,0.0284,0.855,0.0,0.111,0.233,129.816,world-music
39,154385,0.63,0.702,-5.355,0.0365,0.0559,0.0,0.0709,0.453,101.997,world-music
46,244639,0.37,0.271,-8.894,0.03,0.157,0.0,0.116,0.112,123.921,world-music
45,337956,0.376,0.467,-8.251,0.0292,0.0192,7.75e-05,0.222,0.0764,149.985,world-music
21,278726,0.0903,0.00895,-31.771,0.0394,0.951,0.977,0.0942,0.0348,79.452,world-music
37,344080,0.384,0.539,-7.433,0.0308,0.138,0.0,0.375,0.287,147.79,world-music
46,420386,0.314,0.711,-5.927,0.0432,0.0283,4.85e-06,0.7,0.147,141.911,world-music
33,302360,0.505,0.721,-5.164,0.0293,0.0297,0.0,0.544,0.233,96.011,world-music
21,120000,0.229,0.986,-21.872,0.0577,0.103,0.0427,0.716,0.0148,112.275,world-music
41,348619,0.42,0.553,-8.049,0.0332,0.141,0.0,0.103,0.214,143.804,world-music
37,267453,0.627,0.843,-4.418,0.0276,0.0034,0.0,0.0573,0.744,96.483,world-music
48,199085,0.513,0.546,-6.804,0.042,0.132,1.61e-06,0.158,0.226,74.879,world-music
35,222213,0.464,0.784,-4.198,0.0276,0.00335,0.0,0.109,0.451,148.847,world-music
21,394999,0.168,0.132,-23.575,0.0328,0.846,0.821,0.0953,0.0362,71.287,world-music
37,238586,0.542,0.868,-6.726,0.0325,3.83e-05,0.00841,0.978,0.498,131.956,world-music
47,209608,0.445,0.593,-7.496,0.16,0.0657,5.15e-05,0.297,0.326,171.774,world-music
28,257192,0.48,0.15,-12.751,0.0293,0.846,3.44e-06,0.115,0.285,141.786,world-music
37,333813,0.487,0.384,-11.071,0.0297,0.478,1.33e-05,0.1,0.164,131.963,world-music
47,201533,0.552,0.449,-6.986,0.0375,0.362,0.0,0.0945,0.314,149.919,world-music
34,334173,0.405,0.562,-7.929,0.0288,0.00775,1.37e-06,0.108,0.133,111.832,world-music
37,271680,0.389,0.641,-6.54,0.029,0.0167,0.0,0.366,0.248,82.821,world-music
53,283066,0.533,0.768,-7.223,0.0542,0.163,0.0,0.0847,0.396,140.005,world-music
45,213653,0.651,0.561,-5.624,0.0506,0.274,0.0,0.143,0.469,143.959,world-music
21,369000,0.109,0.187,-20.388,0.0354,0.933,0.979,0.162,0.0318,92.223,world-music
47,464398,0.282,0.3,-10.28,0.035,0.466,0.0,0.107,0.266,155.654,world-music
22,224000,0.208,0.015,-26.307,0.0457,0.991,0.894,0.102,0.133,64.803,world-music
47,327400,0.317,0.562,-8.719,0.0343,0.0925,0.0,0.893,0.218,76.915,world-music
22,112198,0.118,0.927,-32.297,0.0395,0.154,0.985,0.893,0.00398,150.37,world-music
41,256093,0.301,0.456,-6.606,0.0259,0.34,2.46e-06,0.205,0.193,74.59,world-music
22,292567,0.444,0.372,-10.232,0.042,0.312,0.0,0.0933,0.213,138.172,world-music
40,280373,0.267,0.484,-9.222,0.0332,0.00284,2.69e-06,0.946,0.206,126.865,world-music
42,215733,0.476,0.396,-10.916,0.026,0.31,0.0,0.658,0.199,72.157,world-music
22,289999,0.0565,0.995,-21.042,0.352,0.867,0.000419,0.683,0.0101,53.465,world-music
47,232653,0.521,0.396,-10.654,0.0468,0.828,0.000766,0.1,0.398,77.046,world-music
22,249733,0.838,0.471,-9.141,0.0335,0.798,2.39e-05,0.239,0.855,103.008,world-music
21,255999,0.176,0.222,-18.027,0.0391,0.965,0.737,0.126,0.0626,79.519,world-music
34,226182,0.582,0.399,-11.004,0.0297,0.112,0.0,0.112,0.29,135.974,world-music
36,396646,0.229,0.503,-8.769,0.03,0.0051,0.0,0.105,0.148,99.938,world-music
22,226160,0.555,0.486,-11.584,0.0324,0.79,0.0,0.256,0.836,156.17,world-music
22,235000,0.502,0.94,-6.427,0.0813,0.0135,0.0,0.366,0.318,123.03,world-music
23,268441,0.558,0.834,-5.552,0.045,0.0357,1.29e-05,0.194,0.483,127.931,world-music
23,188917,0.546,0.463,-9.482,0.0404,0.432,2.17e-05,0.373,0.487,127.358,world-music
50,326652,0.557,0.393,-8.304,0.0331,0.11,0.0,0.38,0.238,114.048,world-music
44,338694,0.404,0.676,-5.468,0.0354,0.0274,0.0,0.352,0.163,144.056,world-music
33,282106,0.524,0.823,-6.284,0.0389,0.00588,0.0,0.0781,0.309,91.973,world-music
43,307933,0.32,0.583,-5.708,0.0335,0.0326,0.0,0.205,0.312,155.705,world-music
38,247340,0.408,0.719,-5.361,0.0288,0.000299,0.0,0.333,0.183,77.975,world-music
46,246619,0.453,0.498,-8.341,0.0427,0.879,2.27e-05,0.106,0.178,137.831,world-music
41,263893,0.38,0.265,-10.763,0.0302,0.669,2.2e-06,0.12,0.106,127.692,world-music
47,228762,0.428,0.599,-5.508,0.0586,0.0132,0.0,0.268,0.253,119.993,world-music
40,129933,0.34,0.32,-15.807,0.0495,0.906,0.0,0.976,0.575,66.443,world-music
50,456981,0.319,0.229,-10.504,0.0324,0.888,0.000167,0.11,0.146,123.835,world-music
47,273148,0.509,0.2,-13.489,0.0337,0.83,5.53e-06,0.0631,0.107,129.574,world-music
39,291600,0.343,0.586,-6.962,0.0346,0.147,0.0,0.694,0.155,77.979,world-music
45,297000,0.383,0.836,-4.788,0.0468,0.101,0.0,0.229,0.26,146.052,world-music
40,248053,0.374,0.829,-3.49,0.0365,0.13,0.0,0.141,0.228,143.972,world-music
40,357120,0.226,0.845,-5.346,0.0425,4.21e-05,3.04e-05,0.635,0.153,69.773,world-music
21,125580,0.21,0.0712,-26.1,0.0518,0.501,0.922,0.111,0.0387,62.201,world-music
44,333080,0.418,0.786,-5.257,0.0471,0.0105,0.0,0.342,0.0656,139.92,world-music
46,332604,0.392,0.668,-7.342,0.0296,0.00356,0.00056,0.588,0.115,148.013,world-music
21,89274,0.581,0.0618,-23.637,0.046,0.981,0.952,0.101,0.402,65.978,world-music
47,493293,0.37,0.831,-4.484,0.0442,0.0129,0.000122,0.109,0.185,148.008,world-music
21,96302,0.121,0.242,-17.98,0.0375,0.000878,0.813,0.12,0.0362,85.784,world-music
21,359003,0.312,0.033,-25.894,0.0307,0.853,0.851,0.114,0.0639,79.655,world-music
21,170387,0.17,0.052,-28.693,0.0374,0.875,0.904,0.129,0.0475,114.573,world-music
44,260839,0.319,0.577,-7.679,0.033,0.0499,0.0,0.729,0.189,97.678,world-music
34,285120,0.618,0.419,-6.156,0.0279,0.309,0.0,0.107,0.373,131.973,world-music
38,214647,0.611,0.857,-6.248,0.0384,0.00182,0.0,0.326,0.464,128.001,world-music
42,253546,0.522,0.697,-7.21,0.0344,0.0557,0.0,0.134,0.288,75.972,world-music
21,290999,0.0672,0.0903,-23.496,0.0401,0.97,0.977,0.093,0.0361,76.042,world-music
21,260506,0.405,0.283,-9.471,0.03,0.894,0.806,0.119,0.0813,99.947,world-music
22,143403,0.417,0.967,-27.146,0.0503,0.924,0.958,0.696,0.0147,65.002,world-music
41,238146,0.516,0.634,-4.85,0.0339,0.03,1.89e-06,0.0813,0.0921,76.994,world-music
39,289179,0.498,0.957,-5.807,0.162,0.00527,0.0,0.477,0.205,128.028,world-music
36,352453,0.437,0.638,-6.483,0.0308,0.211,0.000428,0.138,0.159,148.0,world-music
37,377697,0.363,0.462,-8.232,0.0284,0.00887,8.81e-06,0.706,0.0687,80.003,world-music
44,237280,0.541,0.583,-7.047,0.0285,0.0142,0.0,0.102,0.276,96.008,world-music
22,318874,0.438,0.577,-8.285,0.0357,0.0206,1.29e-05,0.253,0.114,139.983,world-music
21,335999,0.198,0.257,-17.361,0.0415,0.968,0.949,0.11,0.0381,89.494,world-music
40,246306,0.47,0.938,-4.722,0.105,0.000529,0.0,0.251,0.453,128.002,world-music
38,462397,0.296,0.762,-5.696,0.0548,0.0724,2.68e-06,0.374,0.146,139.051,world-music
22,380344,0.495,0.281,-12.07,0.0316,0.392,0.0,0.662,0.206,127.731,world-music
22,369049,0.579,0.245,-16.357,0.0384,0.97,0.924,0.101,0.302,112.011,world-music
32,250629,0.387,0.531,-4.788,0.029,0.00305,0.0,0.201,0.153,146.003,world-music
38,312566,0.475,0.86,-4.722,0.0421,0.0065,1.72e-06,0.246,0.427,113.949,world-music
39,256026,0.505,0.687,-4.375,0.0287,0.0841,0.0,0.188,0.382,104.083,world-music
22,305454,0.331,0.171,-15.668,0.035,0.92,0.0229,0.0679,0.327,132.147,world-music
21,384999,0.172,0.235,-16.393,0.0422,0.64,0.928,0.0863,0.0339,125.995,world-music
22,385000,0.174,0.117,-18.318,0.0401,0.994,0.976,0.105,0.035,85.239,world-music
22,271466,0.629,0.329,-10.895,0.042,0.867,0.0,0.0839,0.743,132.378,world-music
41,283893,0.587,0.506,-10.889,0.0297,0.381,0.0,0.27,0.413,135.96,world-music
22,241826,0.526,0.487,-10.204,0.0725,0.681,0.0,0.0893,0.708,79.198,world-music
